Año;Mes;Día;Temp. Máx (°C);Temp. Mín (°C);Humedad (%);Precipitación (mm)
2017;01;01;22;7.2;76.4;18.6
2017;01;02;22.7;7;74.8;6.2
2017;01;03;23.2;6.8;73.3;0.0
2017;01;04;22.5;5.5;76.5;0.0
2017;01;05;20.6;7;84.7;0.0
2017;01;06;20.4;6.7;77.9;9.6
2017;01;07;21.8;7.5;73.7;5.6
2017;01;08;21.5;7.2;76.8;4.4
2017;01;09;20.3;6.5;76.0;0.0
2017;01;10;22.4;6.8;72.1;1.6
2017;01;11;23.2;5.8;73.9;1.2
2017;01;12;20.5;6.3;79.5;1.5
2017;01;13;21.2;7.1;79.6;20.2
2017;01;14;19.9;6.5;84.5;3.2
2017;01;15;20;9;82.9;12.0
2017;01;16;21.5;8.5;74.4;0.0
2017;01;17;21;5.5;77.2;0.0
2017;01;18;22;6.5;74.0;0.0
2017;01;19;23.4;6;72.6;0.0
2017;01;20;20.4;6.3;76.0;0.0
2017;01;21;21;7;77.6;0.0
2017;01;22;20.3;7.3;78.4;6.4
2017;01;23;20.8;8.2;78.6;9.1
2017;01;24;20.2;7.5;79.1;12.7
2017;01;25;19.5;8.9;80.9;0.0
2017;01;26;21.6;8.5;79.1;3.0
2017;01;27;20.8;7.8;79.4;12.5
2017;01;28;23.6;9.3;73.0;0.0
2017;01;29;22.5;8.2;76.9;3.4
2017;01;30;22.6;7.7;70.2;12.3
2017;01;31;19.7;6.8;85.1;9.8
2017;02;01;19.2;8.3;85.8;8.4
2017;02;02;19.6;9;83.9;1.5
2017;02;03;20;8.2;83.2;17.8
2017;02;04;21.2;9;79.3;11.6
2017;02;05;21;9.5;80.4;7.3
2017;02;06;21.5;8.2;83.6;25.6
2017;02;07;21.3;8.9;82.4;14.7
2017;02;08;20.8;8;79.0;7.8
2017;02;09;19.9;9.6;83.1;0.0
2017;02;10;19.7;10.5;80.8;0.0
2017;02;11;19.8;8.6;83.4;0.0
2017;02;12;19.9;7.4;79.9;0.0
2017;02;13;18.6;5.7;83.6;0.0
2017;02;14;18;7.9;90.2;16.3
2017;02;15;19;6.5;84.2;10.4
2017;02;16;20;9.5;85.8;1.0
2017;02;17;16.4;7.2;83.9;5.5
2017;02;18;18;6;81.6;1.8
2017;02;19;19.5;8;76.8;0.0
2017;02;20;21;7;83.8;0.0
2017;02;21;19.2;8.3;84.3;2.8
2017;02;22;19.9;6.7;84.6;12.1
2017;02;23;21;7.7;78.8;9.8
2017;02;24;21.8;6.8;74.9;0.0
2017;02;25;20.9;8.4;81.6;2.6
2017;02;26;20.5;5.5;79.5;5.0
2017;02;27;19.2;8.3;80.6;10.3
2017;02;28;20;9.4;78.7;7.4
2017;03;01;18;9.9;85.2;3.0
2017;03;02;19.6;5.8;86.2;2.2
2017;03;03;19;8;89.4;13.9
2017;03;04;19.5;10;92.0;24.1
2017;03;05;19.9;10.2;86.7;29.9
2017;03;06;16.3;10.5;94.5;19.5
2017;03;07;18.7;8.3;88.8;13.8
2017;03;08;21.5;9.6;87.5;16.0
2017;03;09;18.3;10;88.1;19.8
2017;03;10;18.6;9.5;88.5;7.1
2017;03;11;20;8.7;86.0;5.2
2017;03;12;20.4;7.7;81.2;12.8
2017;03;13;20.2;8.2;83.9;29.6
2017;03;14;17.3;8.6;88.4;31.8
2017;03;15;17.5;8;90.9;19.4
2017;03;16;17;9.5;88.7;18.2
2017;03;17;18;7.9;81.1;1.0
2017;03;18;18.8;9.8;84.1;13.3
2017;03;19;17.6;10;90.3;27.5
2017;03;20;19.5;8.8;83.9;10.5
2017;03;21;21.3;8.9;82.3;4.7
2017;03;22;21;8;86.2;27.1
2017;03;23;19.7;8.4;83.9;18.8
2017;03;24;18.4;7.4;87.8;0.0
2017;03;25;18.8;7.9;87.4;12.3
2017;03;26;19;9.4;85.1;12.4
2017;03;27;19.2;8.5;80.9;20.8
2017;03;28;18.7;10;85.0;10.4
2017;03;29;17.7;9.3;86.7;18.5
2017;03;30;18.5;9;85.9;23.3
2017;03;31;18.8;9.7;88.7;11.8
2017;04;01;20;8.8;85.4;18.8
2017;04;02;19.5;8.5;92.5;9.2
2017;04;03;20.2;9.4;87.9;8.6
2017;04;04;20;8.6;84.4;7.4
2017;04;05;20.4;8.7;84.0;0.0
2017;04;06;19.4;8.2;86.4;9.5
2017;04;07;20.3;7.5;84.4;4.4
2017;04;08;20.8;8.6;82.8;5.5
2017;04;09;21.5;7.2;79.4;9.2
2017;04;10;19.4;7.9;81.8;6.8
2017;04;11;21.5;8;85.9;29.2
2017;04;12;19.4;8.5;84.4;6.2
2017;04;13;18.2;9;88.9;3.2
2017;04;14;22.6;8.4;80.1;0.0
2017;04;15;23;8.2;76.7;0.0
2017;04;16;22.6;8;73.6;0.0
2017;04;17;22.2;7.8;81.8;0.0
2017;04;18;22.6;8.3;77.8;1.2
2017;04;19;20.7;8.8;88.2;0.0
2017;04;20;20.2;8.3;88.3;2.6
2017;04;21;18.4;7.7;86.2;0.0
2017;04;22;21.5;7.3;81.7;15.0
2017;04;23;20.3;7.8;82.7;12.6
2017;04;24;22.4;7;80.9;0.0
2017;04;25;19.3;7.8;85.8;0.0
2017;04;26;21.8;8.4;84.2;2.8
2017;04;27;22.6;8.9;78.4;0.0
2017;04;28;21.7;9.2;79.5;1.2
2017;04;29;20.2;9;82.7;3.5
2017;04;30;22.5;8;78.0;0.0
2017;05;01;23.4;7.8;75.1;0.0
2017;05;02;21.6;8;86.4;15.6
2017;05;03;22;7.5;77.5;0.0
2017;05;04;22.8;7.7;78.4;7.6
2017;05;05;18;8.2;84.5;3.0
2017;05;06;20.3;8.7;87.8;12.2
2017;05;07;18.6;8.3;87.6;0.0
2017;05;08;17.4;8.1;82.9;11.4
2017;05;09;19.3;8.5;81.0;10.3
2017;05;10;17.8;8;85.5;0.0
2017;05;11;18.2;7.9;85.1;1.2
2017;05;12;21.6;8.3;76.7;0.0
2017;05;13;20.5;9;86.3;0.0
2017;05;14;19.7;8.1;84.7;0.0
2017;05;15;18.5;7.8;85.6;1.4
2017;05;16;21.3;8;79.3;4.8
2017;05;17;21.2;7.3;77.8;2.5
2017;05;18;22.2;7;76.7;0.0
2017;05;19;21.4;7.5;76.3;0.0
2017;05;20;20.6;7.8;80.3;3.4
2017;05;21;18.6;7.9;86.9;2.6
2017;05;22;21.8;8;76.6;8.0
2017;05;23;20.7;8.3;82.0;0.0
2017;05;24;22.3;7.7;76.2;0.0
2017;05;25;22.7;7.6;78.7;0.0
2017;05;26;21.7;7.2;80.5;5.0
2017;05;27;20.6;7.9;81.0;1.0
2017;05;28;21.2;8.3;81.2;2.6
2017;05;29;22.8;7.5;78.1;0.0
2017;05;30;20.4;7.2;79.4;2.4
2017;05;31;21.9;7;78.7;1.5
2017;06;01;21.4;6.7;78.7;1.2
2017;06;02;22.8;6.5;78.4;0.0
2017;06;03;23;6.3;61.7;2.0
2017;06;04;21.8;6.4;81.2;0.0
2017;06;05;23.6;7;77.8;0.0
2017;06;06;22.4;6.5;78.3;0.0
2017;06;07;0.0;6;0.0;0.0
2017;07;01;22.3;4.7;74.3;0.0
2017;07;01;22.3;4.7;74.3;0.1
2017;07;02;20.2;5;80.7;0.0
2017;07;03;22.1;6;78.8;0.0
2017;07;04;23.6;4.9;76.6;0.0
2017;07;05;23;6;67.7;0.0
2017;07;06;23.8;5;76.3;0.0
2017;07;07;20.7;5.7;81.7;0.0
2017;07;08;21.5;6.2;84.0;0.0
2017;07;09;21.2;5.8;81.7;0.0
2017;07;10;23.6;6.4;76.6;0.0
2017;07;11;22.9;6.7;84.1;0.0
2017;07;12;24.2;6.3;87.0;0.0
2017;07;13;24.5;5.5;81.9;0.0
2017;07;14;24.8;5.3;80.0;0.0
2017;07;15;24.6;6.5;80.8;0.0
2017;07;16;23.4;4.9;85.8;0.0
2017;07;17;22.5;3.5;78.2;0.0
2017;07;18;21.8;5;76.9;0.0
2017;07;19;22.4;4.8;76.4;0.0
2017;07;20;24.4;6;76.9;0.0
2017;07;21;24.6;5.9;74.4;0.0
2017;07;22;23.5;6.2;77.6;0.0
2017;07;23;23.2;6;80.9;0.0
2017;07;24;24.6;2.8;74.2;0.0
2017;07;25;22.7;3.6;78.3;0.0
2017;07;26;23.2;3;78.6;0.0
2017;07;27;23.5;3.4;74.4;0.0
2017;07;28;24.2;4.2;75.1;0.0
2017;07;29;24.5;3.4;75.3;0.0
2017;07;30;23.2;5.6;75.2;0.0
2017;07;31;21.8;5;68.9;0.0
2017;08;01;23.4;4.8;69.4;0.0
2017;08;02;22;4.2;70.8;0.0
2017;08;03;23.6;4.5;70.7;0.0
2017;08;04;24.3;5.5;76.5;0.0
2017;08;05;22.8;5.8;71.0;0.0
2017;08;06;21.7;6.6;73.7;0.0
2017;08;07;24.2;7;70.8;0.0
2017;08;08;24.5;5.1;67.5;0.0
2017;08;09;23.3;5.6;71.3;0.0
2017;08;10;21.7;6.2;72.4;0.0
2017;08;11;22.2;5.2;76.0;0.0
2017;08;12;23.8;5.8;74.9;0.0
2017;08;13;21.8;6.5;75.3;0.0
2017;08;14;21.4;7;73.6;0.0
2017;08;15;22.2;6.8;73.7;0.0
2017;08;16;24;6.5;71.2;0.0
2017;08;17;22.6;6.9;75.6;0.0
2017;08;18;21.8;6.3;75.7;0.0
2017;08;19;23.8;4.7;71.6;0.0
2017;08;20;24.3;5.2;70.6;0.0
2017;08;21;21;5.5;74.9;0.0
2017;08;22;20.4;5.3;62.7;3.6
2017;08;23;23;5;69.3;7.2
2017;08;24;23.5;5.3;75.5;0.0
2017;08;25;24.2;5.2;71.4;0.0
2017;08;26;21.7;6;78.6;0.0
2017;08;27;23.6;6.2;69.3;0.0
2017;08;28;21.4;6.1;81.1;8.0
2017;08;29;22.3;5.8;77.3;6.0
2017;08;30;24.7;6.2;67.3;0.0
2017;08;31;24.6;6.9;68.7;0.0
2017;09;01;24.4;6.5;64.0;0.0
2017;09;02;22.5;6.8;74.9;0.0
2017;09;03;21.3;7.2;77.4;0.0
2017;09;04;21;7;78.0;0.0
2017;09;05;22.2;6;73.5;0.0
2017;09;06;22.5;6.4;71.7;0.0
2017;09;07;23;6.9;65.4;0.0
2017;09;08;22.6;5.7;72.7;0.0
2017;09;09;21.5;6.6;75.4;0.0
2017;09;10;20.8;6.2;76.5;0.0
2017;09;11;20;6.5;79.5;0.0
2017;09;12;19.7;7;79.4;0.0
2017;09;13;20.5;6.8;75.6;5.0
2017;09;14;21.8;7.2;75.0;25.6
2017;09;15;20.4;6.9;76.3;0.0
2017;09;16;22;6.6;74.8;10.8
2017;09;17;22.3;7.4;74.9;3.5
2017;09;18;24.2;7;71.0;0.0
2017;09;19;24.4;7.4;73.9;0.0
2017;09;20;24.7;6.1;73.3;0.0
2017;09;21;23.4;6.3;74.8;0.0
2017;09;22;24.5;7.2;75.1;0.0
2017;09;23;22.2;6.6;79.2;0.0
2017;09;24;21.3;7.5;79.2;4.0
2017;09;25;21;7.3;81.5;5.7
2017;09;26;22.2;6.9;75.4;6.2
2017;09;27;22.4;6.7;75.4;3.5
2017;09;28;23.2;7.4;75.3;0.0
2017;09;29;22.7;7;75.9;2.6
2017;09;30;21.5;5.9;79.4;0.0
2017;10;01;23.4;6.63;74.5;0.0
2017;10;02;22.5;7;75.1;1.5
2017;10;03;23.2;6.8;74.1;1.2
2017;10;04;20.3;5.7;81.1;6.8
2017;10;05;21.8;6.8;80.1;0.0
2017;10;06;22.6;6.2;77.9;0.0
2017;10;07;22.8;5.8;76.0;3.9
2017;10;08;21.2;6;77.8;25.8
2017;10;09;23.2;5.9;76.7;0.0
2017;10;10;23.8;5.6;76.2;0.0
2017;10;11;21.4;6.3;81.2;0.6
2017;10;12;20.3;6.7;75.4;0.0
2017;10;13;19.6;7.2;80.1;0.5
2017;10;14;20.5;7;79.0;3.2
2017;10;15;19.6;7.5;79.5;0.8
2017;10;16;23.2;6.9;72.4;0.0
2017;10;17;24.5;7.8;71.8;0.0
2017;10;18;23.6;8.2;70.5;0.0
2017;10;19;25.9;7.1;71.9;0.0
2017;10;20;25;8.6;72.0;0.0
2017;10;21;21;7.9;79.5;0.0
2017;10;22;20.8;8.4;77.1;9.4
2017;10;23;20.2;8;79.0;21.6
2017;10;24;21.4;7.7;79.1;0.0
2017;10;25;24.4;7.3;73.6;0.0
2017;10;26;24.6;7.1;72.0;0.0
2017;10;27;23.5;6.8;72.6;0.0
2017;10;28;20.5;7.3;77.8;19.8
2017;10;29;19.6;8.5;79.9;9.4
2017;10;30;21.6;8.2;75.0;0.0
2017;10;31;21.5;7.9;79.9;0.0
2017;11;01;22.3;7;76.9;0.0
2017;11;01;22.3;7;76.9;0.0
2017;11;02;24.7;6.8;68.4;0.0
2017;11;03;24.5;4.6;67.7;0.0
2017;11;04;22;5;64.0;0.0
2017;11;05;23.4;4;70.7;0.0
2017;11;06;21.2;6;64.4;0.0
2017;11;07;20.5;5.8;77.3;0.0
2017;11;08;21.6;6.2;77.9;0.0
2017;11;09;21.2;6.6;80.1;0.0
2017;11;10;23.5;7;74.0;0.0
2017;11;11;22;6.8;72.7;0.0
2017;11;12;20.4;7.3;79.9;0.0
2017;11;13;20;6.6;79.1;0.0
2017;11;14;24.6;6.4;77.4;0.0
2017;11;15;21.8;5.5;80.5;0.0
2017;11;16;23.5;6.3;77.7;0.0
2017;11;17;22.4;6.8;74.1;0.0
2017;11;18;23.7;7;75.0;0.0
2017;11;19;24.3;5.8;80.7;0.0
2017;11;20;22.6;5;74.6;0.0
2017;11;21;23.7;4.6;77.0;0.0
2017;11;22;25.5;5.5;78.0;5.6
2017;11;23;22.5;4.4;78.0;5.4
2017;11;24;21.4;5.6;78.2;0.0
2017;11;25;23.2;6.8;71.5;4.2
2017;11;26;21;7;78.9;7.8
2017;11;27;20.5;7.3;78.0;2.6
2017;11;28;21.6;6.5;78.6;5.8
2017;11;29;20;6.3;78.1;5.4
2017;11;30;22.5;7.2;79.1;0.0
2017;12;01;22.8;6.6;74.5;8.0
2017;12;02;20.5;6.9;79.0;2.4
2017;12;03;21.2;7.2;78.3;16.2
2017;12;04;23.5;6.2;77.3;4.2
2017;12;05;20.4;5.8;75.2;16.8
2017;12;06;20.6;6;78.5;35.4
2017;12;07;20.6;8.4;80.2;11.2
2017;12;08;20.8;8;79.7;18.5
2017;12;09;20.2;7.6;78.2;19.0
2017;12;10;21;8.3;80.4;6.0
2017;12;11;18.3;7.9;82.8;0.0
2017;12;12;20;6.7;81.4;0.0
2017;12;13;21.5;7.7;75.7;0.0
2017;12;14;20.7;6.5;76.4;0.0
2017;12;15;23.2;6.8;75.3;0.0
2017;12;16;23.6;7.2;74.0;1.8
2017;12;17;24.2;6.8;72.3;0.0
2017;12;18;23;7;74.9;0.0
2017;12;19;23.6;6.5;75.6;1.0
2017;12;20;23.1;8;73.7;3.2
2017;12;21;24;8.9;71.7;1.2
2017;12;22;23.3;8.4;70.9;12.8
2017;12;23;21.2;7.5;76.1;9.8
2017;12;24;22.5;7.3;76.2;0.0
2017;12;25;23;7;71.8;0.0
2017;12;26;21.3;7.7;77.9;0.0
2017;12;27;19.5;6.6;83.7;0.0
2017;12;28;21;6;79.1;1.6
2017;12;29;19.3;5.8;83.4;8.0
2017;12;30;21.6;6.8;77.4;0.0
2017;12;31;20;7.7;81.4;0.0
2018;01;01;22;6.5;75.2;0.0
2018;01;02;17.5;4;76.5;0.0
2018;01;03;21.8;4.3;64.9;0.0
2018;01;04;20.2;3.9;83.5;0.0
2018;01;05;21.2;4.5;80.9;12.4
2018;01;06;19.5;4.8;82.1;25.6
2018;01;07;20.4;5;80.5;0.0
2018;01;08;20.2;3.5;78.9;0.5
2018;01;09;21.5;3;75.8;21.6
2018;01;10;20;4.8;79.9;2.6
2018;01;11;20.3;3.2;75.8;7.2
2018;01;12;21.2;3.6;78.4;6.6
2018;01;13;20.5;4;70.5;3.2
2018;01;14;20;4.6;83.4;4.5
2018;01;15;17.8;3;86.8;3.2
2018;01;16;19.2;3.8;85.7;60.0
2018;01;17;17.9;7.2;85.6;24.7
2018;01;18;19.9;8.2;80.5;5.2
2018;01;19;19;9.2;84.4;18.6
2018;01;20;19.7;8.5;83.6;2.0
2018;01;21;19.4;9;81.4;11.0
2018;01;22;18.8;8.3;81.0;18.8
2018;01;23;20.2;6.8;82.7;2.8
2018;01;24;20.6;7.5;80.1;9.0
2018;01;25;21.9;6.2;78.9;2.6
2018;01;26;22;6.8;80.0;1.6
2018;01;27;22.4;7.2;79.7;14.4
2018;01;28;23.6;7.5;76.5;0.0
2018;01;29;22.2;7.9;78.3;4.7
2018;01;30;21.8;8;77.4;0.0
2018;01;31;21.5;7.7;79.5;0.0
2018;02;01;21;7.8;78.8;13.4
2018;02;02;23.2;7.3;74.5;0.0
2018;02;03;25.2;7;75.9;0.0
2018;02;04;22.3;8;77.9;0.0
2018;02;05;22;6.8;79.5;0.0
2018;02;06;21.9;7.2;78.0;3.6
2018;02;07;22.2;6.7;73.4;0.8
2018;02;08;21.6;6.9;74.0;1.2
2018;02;09;22.9;6.4;70.8;7.8
2018;02;10;21.5;6.6;73.0;1.4
2018;02;11;22.4;7.2;79.4;1.0
2018;02;12;20.4;7;83.9;0.8
2018;02;13;21.5;6.9;85.1;2.4
2018;02;14;19.9;7.3;88.0;16.0
2018;02;15;19.4;7.1;89.2;24.6
2018;02;16;19.8;8;88.4;12.8
2018;02;17;21;8.3;83.3;22.6
2018;02;18;18.5;9;87.7;3.9
2018;02;19;18.2;8.8;86.7;6.0
2018;02;20;20.3;7.7;82.3;0.0
2018;02;21;20.2;5.8;84.4;0.0
2018;02;22;21.6;5.6;80.7;0.0
2018;02;23;21.9;5.4;76.8;0.0
2018;02;24;22.2;5;78.6;0.0
2018;02;25;17.3;5.2;79.9;0.0
2018;02;26;18.7;4.4;81.9;5.2
2018;02;27;19.4;4.8;85.7;1.6
2018;02;28;19;9.2;84.4;7.0
2018;03;01;18.7;8.5;89.3;16.2
2018;03;02;20.2;8;85.9;23.9
2018;03;03;20.6;7.9;84.1;20.6
2018;03;04;19.8;8.2;94.0;3.4
2018;03;05;20.2;7.5;86.5;20.2
2018;03;06;19.5;8.1;87.8;18.8
2018;03;07;20.1;7.2;82.0;0.0
2018;03;08;19.3;7;85.1;0.0
2018;03;09;18.8;7.3;89.7;0.6
2018;03;10;21.4;6.9;83.4;0.8
2018;03;11;20.2;7.5;83.6;0.0
2018;03;12;22;7.7;80.3;3.4
2018;03;13;20;8;83.6;14.3
2018;03;14;22.2;8.3;79.6;13.6
2018;03;15;20.6;8;84.8;5.6
2018;03;16;20.5;7.8;80.8;1.8
2018;03;17;19.5;8.2;85.1;24.6
2018;03;18;20;8;85.1;22.8
2018;03;19;19.6;8.3;84.0;5.8
2018;03;20;20.7;7.9;84.3;34.6
2018;03;21;21.8;8.4;81.0;6.2
2018;03;22;20.9;8.7;81.9;6.2
2018;03;23;19.2;7.6;85.7;12.5
2018;03;24;19.9;7.8;82.4;3.2
2018;03;25;19.6;8.2;86.8;1.2
2018;03;26;20;8;81.2;24.4
2018;03;27;19.5;8.4;83.1;11.2
2018;03;28;20;8.7;86.0;5.4
2018;03;29;18.3;8.5;87.8;16.0
2018;03;30;19.7;8;85.1;8.4
2018;03;31;20.1;7.9;83.4;13.6
2018;04;01;19.5;7;83.5;0.0
2018;04;02;16.3;7.6;96.5;0.0
2018;04;03;17;6.9;90.9;13.8
2018;04;04;18.4;7;86.4;18.9
2018;04;05;19.9;7.1;83.1;19.0
2018;04;06;20.1;7.1;81.8;10.0
2018;04;07;19.6;8.2;88.6;5.6
2018;04;08;19.2;7.4;85.6;10.5
2018;04;09;18.8;7.2;86.1;33.8
2018;04;10;20.5;7.3;82.5;12.7
2018;04;11;20;6.9;80.3;0.0
2018;04;12;20.5;7.1;81.1;0.0
2018;04;13;19.7;7.7;80.0;0.0
2018;04;14;19.9;7.3;82.7;0.0
2018;04;15;21.2;6.4;80.2;0.0
2018;04;16;22.8;6;75.5;0.0
2018;04;17;22.5;6.2;75.2;0.0
2018;04;18;20.6;5.5;80.3;0.0
2018;04;19;21.7;5;78.2;0.0
2018;04;20;20;5.2;82.4;0.0
2018;04;21;19.5;4.8;86.8;8.0
2018;04;22;18.8;5;84.1;0.5
2018;04;23;18.8;5.6;84.8;1.8
2018;04;24;18.6;5.3;81.9;4.8
2018;04;25;18.5;6.4;88.0;3.4
2018;04;26;18.5;7.2;83.0;16.6
2018;04;27;19.4;7.7;85.9;13.9
2018;04;28;17;8.2;90.3;3.0
2018;04;29;20.6;8;81.0;6.6
2018;04;30;19.2;7.5;83.2;0.0
2018;05;01;20.8;8.2;80.4;0.0
2018;05;02;21.2;8.5;82.2;0.0
2018;05;03;20.3;7.2;82.4;0.0
2018;05;04;20.6;6.8;81.0;2.8
2018;05;05;19.6;8.2;84.4;2.8
2018;05;06;18.4;7.5;85.6;5.8
2018;05;07;18.2;8;86.5;8.0
2018;05;08;17.6;8.3;85.2;10.7
2018;05;09;16.8;8.5;89.2;0.0
2018;05;10;19.5;8.2;86.0;15.4
2018;05;11;20;8;84.5;1.5
2018;05;12;19.7;7.1;84.1;1.2
2018;05;13;18.6;7.8;84.6;0.0
2018;05;14;19;6.8;82.8;0.0
2018;05;15;18.8;7.7;89.0;0.0
2018;05;16;17.5;6.9;86.9;2.2
2018;05;17;17.4;7;90.1;2.8
2018;05;18;16.8;7.2;89.2;1.2
2018;05;19;19.4;7.5;83.2;22.4
2018;05;20;19;7.3;85.2;20.4
2018;05;21;20.4;7.8;83.1;1.1
2018;05;22;19.6;8;83.1;2.6
2018;05;23;19;7.2;81.8;6.3
2018;05;24;19.6;7;82.3;0.0
2018;05;25;19.5;6.9;79.6;0.0
2018;05;26;17.9;7.8;85.5;0.0
2018;05;27;19.4;6.6;83.7;14.5
2018;05;28;19;6.2;81.2;0.0
2018;05;29;19.7;6;84.0;0.0
2018;05;30;19.9;6.8;80.7;0.0
2018;05;31;20.6;6.4;79.3;0.0
2018;06;01;20.4;6.7;80.4;0.0
2018;06;02;20.2;7.5;80.8;0.0
2018;06;03;17.6;7;84.9;0.0
2018;06;04;18.3;7.2;83.8;0.0
2018;06;05;20.2;6.6;81.0;0.0
2018;06;06;21.6;4.8;76.6;0.0
2018;06;07;21.8;4;78.7;0.0
2018;06;08;20.4;4.2;79.5;0.0
2018;06;09;20.8;5;79.2;0.0
2018;06;10;22;5.8;77.0;0.0
2018;06;11;21.9;4.4;76.3;0.0
2018;06;12;21.5;4.8;78.2;0.0
2018;06;13;18.2;5;84.0;0.0
2018;06;14;20.8;4.9;79.5;0.0
2018;06;15;19;5;82.7;0.0
2018;06;16;17.4;4.6;87.3;0.0
2018;06;17;18.8;5;88.2;0.0
2018;06;18;21.6;4.8;73.7;0.0
2018;06;19;21.8;5.2;72.2;0.0
2018;06;20;20.9;4.4;78.0;0.0
2018;06;21;22.7;4;70.8;0.0
2018;06;22;22;3;67.8;0.0
2018;06;23;21.4;2.6;71.1;0.0
2018;06;24;20.6;2.2;74.9;0.0
2018;06;25;16.5;2.8;86.9;0.0
2018;06;26;21.8;4;69.4;0.0
2018;06;27;22.8;4.4;73.7;0.0
2018;06;28;22.6;4.3;76.4;0.0
2018;06;29;22;3.9;72.7;0.0
2018;06;30;22.5;4;76.5;0.0
2018;07;01;22.8;3.8;74.2;0.0
2018;07;01;22.8;3.8;74.2;0.0
2018;07;02;22;4;76.6;0.0
2018;07;03;21.6;4.2;78.4;0.0
2018;07;04;20.5;4.6;75.9;0.0
2018;07;05;21.4;4.4;76.9;0.0
2018;07;06;22.2;5.2;75.1;0.0
2018;07;07;23.5;4.6;74.0;0.0
2018;07;08;22.6;5;75.8;0.0
2018;07;09;21.8;5.5;78.8;0.0
2018;07;10;21;5.8;75.8;0.0
2018;07;11;20.8;6.2;77.1;0.0
2018;07;12;20.6;6;78.6;0.0
2018;07;13;19.9;5.8;82.0;0.0
2018;07;14;19.6;5.5;82.0;0.0
2018;07;15;21.5;6.6;76.3;0.0
2018;07;16;20.4;3.8;76.8;0.0
2018;07;17;18.8;3;77.9;0.0
2018;07;18;19;4.2;76.2;0.0
2018;07;19;18.5;4;77.6;0.0
2018;07;20;20.8;5.4;73.6;0.0
2018;07;21;18.7;4.4;79.1;0.0
2018;07;22;19.4;5.9;78.8;0.0
2018;07;23;19.5;5;78.2;0.0
2018;07;24;20.6;6.2;77.7;0.0
2018;07;25;21.4;4;75.1;0.0
2018;07;26;22.4;4.5;62.0;0.0
2018;07;27;22;5.3;65.0;0.0
2018;07;28;21.2;4.8;70.9;0.0
2018;07;29;20.8;3.8;69.5;0.0
2018;07;30;18.9;3.6;75.5;0.0
2018;07;31;21;6;74.7;0.0
2018;08;01;21.2;6.3;74.9;0.0
2018;08;01;21.2;6.3;74.9;0.0
2018;08;02;21.2;5.8;73.2;0.0
2018;08;03;21.9;4.6;79.1;0.0
2018;08;04;21;4.8;78.4;0.0
2018;08;05;21.6;5;79.4;0.0
2018;08;06;20.9;4.7;77.0;0.0
2018;08;07;21.3;5.4;79.2;0.0
2018;08;08;20.7;5.3;79.3;0.0
2018;08;09;21.3;5;79.0;0.0
2018;08;10;21.6;5.3;78.0;0.0
2018;08;11;21.8;5.6;77.3;0.0
2018;08;12;21.9;4.6;79.1;0.0
2018;08;13;21.5;4.9;74.8;0.0
2018;08;14;22.7;5.5;73.3;0.0
2018;08;15;23;6;72.1;0.0
2018;08;16;19.4;5.8;64.6;0.9
2018;08;17;20.6;5.2;80.5;0.0
2018;08;18;21.8;4.4;72.6;4.5
2018;08;19;23;4;68.3;0.0
2018;08;20;21.6;5.2;76.9;0.0
2018;08;21;20;5.6;75.5;0.0
2018;08;22;19.2;6;77.4;0.0
2018;08;23;20.8;5.8;73.9;0.0
2018;08;24;20;5.3;80.1;0.0
2018;08;25;22.5;4.9;73.6;0.0
2018;08;26;21.8;4.4;73.2;0.0
2018;08;27;20.5;5;75.0;0.0
2018;08;28;21.2;4.6;73.6;0.0
2018;08;29;20.7;4;77.6;0.0
2018;08;30;24;5.5;69.2;0.0
2018;08;31;24.4;5.2;70.8;0.0
2018;09;01;20.6;5;73.1;0.0
2018;09;02;19.5;5.8;76.2;0.0
2018;09;03;20.4;5.5;73.4;0.0
2018;09;04;19.8;4.6;72.6;0.0
2018;09;05;21.6;4;74.9;0.0
2018;09;06;24.4;3.8;70.8;0.0
2018;09;07;23.8;3;71.0;0.0
2018;09;08;23.2;3.9;72.6;0.0
2018;09;09;21.6;5.4;75.5;0.0
2018;09;10;21.9;6.5;73.3;0.0
2018;09;11;23.5;5;64.5;0.0
2018;09;12;22.4;6;75.4;0.0
2018;09;13;21;4.8;79.2;0.0
2018;09;14;20.5;4.2;78.9;0.0
2018;09;15;19.4;6;80.0;0.0
2018;09;16;18.6;7;78.4;0.0
2018;09;17;19;7.6;83.0;2.4
2018;09;18;19.7;6.6;79.3;3.2
2018;09;19;21;4.8;76.2;0.8
2018;09;20;21.6;5.2;75.0;0.0
2018;09;21;20.7;5.8;79.8;0.0
2018;09;22;21.5;6;78.3;0.0
2018;09;23;20.2;5.4;80.2;8.6
2018;09;24;20.6;6.4;81.4;1.4
2018;09;25;19.7;6.8;79.5;0.5
2018;09;26;20;6;78.6;13.4
2018;09;27;20.2;7;77.8;5.2
2018;09;28;23;6.8;71.2;0.0
2018;09;29;22.6;7.2;73.6;0.0
2018;09;30;21.4;7.5;72.0;13.8
2018;10;01;20;7;77.4;0.0
2018;10;01;20;7;77.4;5.8
2018;10;02;19.6;7.7;78.7;3.8
2018;10;03;19.5;7.5;81.4;0.0
2018;10;04;18.6;8;80.7;0.0
2018;10;05;19.7;7.7;81.4;9.8
2018;10;06;18.8;7;78.9;0.0
2018;10;07;20.5;7.8;76.2;0.0
2018;10;08;20.2;6;73.8;0.0
2018;10;09;20.6;7;74.8;0.0
2018;10;10;21.2;5;75.9;0.0
2018;10;11;21.5;5.2;75.4;0.0
2018;10;12;20;6.6;75.8;0.0
2018;10;13;21;7;76.5;0.0
2018;10;14;19;7.5;77.9;24.2
2018;10;15;18.6;6;80.0;2.6
2018;10;16;20;5;75.9;0.0
2018;10;17;20.5;5.4;76.8;0.0
2018;10;18;18.5;4.8;82.7;0.0
2018;10;19;19.9;5.6;82.4;0.0
2018;10;20;20.5;6.8;78.9;0.0
2018;10;21;20.6;7;79.0;3.4
2018;10;22;19.8;7.6;82.2;1.8
2018;10;23;18.9;8;81.1;0.0
2018;10;24;20;6.9;80.4;0.0
2018;10;25;21.2;5.6;78.0;0.0
2018;10;26;21.8;5;77.0;0.0
2018;10;27;22;7.8;75.3;0.0
2018;10;28;19.9;8;77.5;0.0
2018;10;29;19;8.2;79.3;3.2
2018;10;30;20.3;8;77.4;5.4
2018;10;31;19.4;7.7;82.0;4.2
2018;11;01;19.8;8;81.0;8.0
2018;11;02;19.8;7.5;78.1;9.2
2018;11;03;20.6;7.8;78.7;0.0
2018;11;04;19.8;7.4;80.7;0.0
2018;11;05;20.9;7.8;78.8;0.0
2018;11;06;21.6;7;75.7;0.0
2018;11;07;20.6;6.9;75.7;0.0
2018;11;08;22;8;75.4;0.0
2018;11;09;21.5;8.8;78.1;0.0
2018;11;10;20.6;8.6;79.0;0.0
2018;11;11;19.5;9;80.9;1.4
2018;11;12;21;7.7;75.2;0.0
2018;11;13;21.8;7.9;77.6;0.0
2018;11;14;20.6;7.8;76.4;0.0
2018;11;15;21;7.4;76.1;4.6
2018;11;16;21.5;7.7;78.9;0.0
2018;11;17;22.2;8;76.1;0.0
2018;11;18;20.4;8.2;78.0;5.6
2018;11;19;20.5;7.7;78.4;14.0
2018;11;20;20.3;7.8;79.4;17.4
2018;11;21;20;7.9;76.6;5.8
2018;11;22;21.2;6.9;76.1;0.0
2018;11;23;21.5;8.5;78.5;0.0
2018;11;24;22.4;8.2;72.8;0.0
2018;11;25;22;8.6;74.3;2.4
2018;11;26;19.8;8;81.7;1.8
2018;11;27;21.4;4.8;78.1;0.0
2018;11;28;21.6;4.5;77.8;0.0
2018;11;29;22;3.8;73.5;0.0
2018;11;30;22.2;4;74.0;0.0
2018;12;01;22;3.2;71.2;0.0
2018;12;02;22;3.8;71.6;0.0
2018;12;03;20.4;4.4;75.1;0.0
2018;12;04;22.7;4;62.4;0.0
2018;12;05;22.4;4.5;69.9;0.0
2018;12;06;20;5;80.5;0.0
2018;12;07;20.5;6.6;80.2;0.0
2018;12;08;19.5;6.8;77.7;0.0
2018;12;09;19;7.2;80.0;0.0
2018;12;10;20.2;7.7;78.7;0.0
2018;12;11;19.6;4;74.3;0.0
2018;12;12;20.3;8.2;81.4;0.0
2018;12;13;18.8;5.5;79.4;0.8
2018;12;14;19.7;6.4;82.1;2.7
2018;12;15;20;6;78.6;3.8
2018;12;16;20.8;5.8;73.9;1.2
2018;12;17;20;5;74.4;4.3
2018;12;18;19;7.7;76.8;25.4
2018;12;19;18.8;8.5;80.6;12.6
2018;12;20;18.5;8.9;83.0;5.8
2018;12;21;19.8;9;77.0;30.8
2018;12;22;18.8;8.6;79.8;6.8
2018;12;23;20.5;8;80.6;13.6
2018;12;24;20;6;80.8;0.0
2018;12;25;19.9;7;78.0;0.0
2018;12;26;19.3;7.5;73.4;12.6
2018;12;27;19;6.5;76.1;20.0
2018;12;28;18.7;7;78.6;8.0
2018;12;29;19.8;6.6;81.9;0.0
2018;12;30;20.3;7.2;75.7;0.0
2018;12;31;21;6.8;73.8;0.0
2019;01;01;21.6;7;74.8;0.0
2019;01;01;21.6;7;74.8;0.0
2019;01;02;22.2;5.5;72.4;0.0
2019;01;03;21.8;7.8;75.3;0.0
2019;01;04;21.5;8.1;74.9;0.0
2019;01;05;20.4;6.2;78.4;16.2
2019;01;06;20;6;77.8;0.0
2019;01;07;18.8;6.8;79.0;0.0
2019;01;08;17.7;7.4;79.9;2.2
2019;01;09;18;7;83.8;0.0
2019;01;10;17.7;7.3;84.7;4.2
2019;01;11;18.2;7.5;83.6;2.4
2019;01;12;17.7;7.4;85.7;0.0
2019;01;13;18.8;7;77.6;0.0
2019;01;14;19.3;7.8;81.3;0.0
2019;01;15;20;7.5;83.0;20.6
2019;01;16;18.2;7.7;82.7;22.6
2019;01;17;19;8.6;80.2;15.2
2019;01;18;18.4;7.4;81.8;24.3
2019;01;19;20;6.8;77.4;0.0
2019;01;20;21.4;6.6;77.6;0.0
2019;01;21;20.3;6.2;74.3;16.6
2019;01;22;21.5;6.8;73.7;0.0
2019;01;23;21.8;7.7;75.8;0.0
2019;01;24;19.7;7.5;81.0;20.9
2019;01;25;19.4;7.3;80.2;28.4
2019;01;26;19;6.9;82.4;2.6
2019;01;27;19.2;7.1;81.2;1.1
2019;01;28;19.4;7.5;81.3;0.0
2019;01;29;20;7.2;77.9;0.8
2019;01;30;19.6;6.5;77.8;0.0
2019;01;31;21.8;8;73.3;0.0
2019;02;01;21.5;8.4;74.6;0.0
2019;02;02;22.8;8.6;72.4;12.4
2019;02;03;21.8;8.8;74.0;8.6
2019;02;04;18.9;7.3;79.3;2.7
2019;02;05;20.6;6.8;76.9;2.6
2019;02;06;21;7;74.2;0.6
2019;02;07;20.5;6.9;76.8;2.2
2019;02;08;19.2;6.6;79.8;13.2
2019;02;09;18.9;7;83.0;17.8
2019;02;10;19;6.7;78.0;15.0
2019;02;11;18.4;6;80.5;21.4
2019;02;12;20;6;78.5;17.1
2019;02;13;19;8.8;81.8;7.6
2019;02;14;20.5;9;79.6;0.0
2019;02;15;19.9;9.4;80.7;6.0
2019;02;16;20.6;9.1;77.6;11.6
2019;02;17;23.7;8.2;79.6;0.5
2019;02;18;22.8;10;77.5;12.4
2019;02;19;19.2;11;81.2;15.6
2019;02;20;19;11;83.3;27.2
2019;02;21;18.4;9.8;82.5;0.0
2019;02;22;18.8;10;83.1;6.3
2019;02;23;19.3;9.5;80.9;13.0
2019;02;24;19;9;81.9;19.7
2019;02;25;18.4;9.9;85.1;1.8
2019;02;26;19.9;9.3;78.9;2.6
2019;02;27;21.6;7.8;80.6;2.2
2019;02;28;21.5;7;82.3;0.5
2019;03;01;17.8;10;86.0;8.8
2019;03;02;17;9.6;83.8;8.7
2019;03;03;18.5;7;84.3;12.0
2019;03;04;19;9.4;83.8;7.0
2019;03;05;19.2;9.8;83.3;5.6
2019;03;06;19.5;9;83.4;7.8
2019;03;07;18.9;8.8;83.7;0.0
2019;03;08;20.5;8.6;79.7;7.4
2019;03;09;22;9.2;77.2;0.0
2019;03;10;22.2;8;78.6;35.6
2019;03;11;21;8;84.1;4.0
2019;03;12;19.9;8.9;78.7;11.0
2019;03;13;20.4;10;80.4;12.4
2019;03;14;18.6;10.2;86.2;2.7
2019;03;15;21.5;10.5;82.2;2.0
2019;03;16;19.9;10.4;81.8;15.7
2019;03;17;19.5;9.8;79.1;1.2
2019;03;18;20.6;10;83.6;27.7
2019;03;19;20.8;9;83.2;4.0
2019;03;20;20.4;9.5;80.0;17.7
2019;03;21;19.7;8.7;86.4;8.6
2019;03;22;20;10;84.8;16.8
2019;03;23;19.8;8.6;84.4;11.0
2019;03;24;19.2;9.5;81.0;2.5
2019;03;25;21.4;8.8;83.0;0.0
2019;03;26;22;9.3;77.0;0.0
2019;03;27;22.2;8.5;80.3;6.3
2019;03;28;19.7;7.8;84.6;7.4
2019;03;29;20;8;81.0;4.0
2019;03;30;19.6;7.9;80.6;0.0
2019;03;31;19.3;7.7;81.7;0.0
2019;04;01;21.5;8;81.5;32.8
2019;04;02;21;9.2;78.4;37.6
2019;04;03;20.2;9.2;82.2;3.4
2019;04;04;20.6;7.8;79.4;0.0
2019;04;05;21.5;7.5;75.0;0.0
2019;04;06;21.8;6.8;78.0;0.0
2019;04;07;18.5;9;84.5;0.0
2019;04;08;21.2;7;79.0;2.7
2019;04;09;20.8;6.9;79.9;0.0
2019;04;10;21.7;7.2;79.3;0.8
2019;04;11;21.4;7.5;82.4;0.0
2019;04;12;19.6;7.3;84.8;0.0
2019;04;13;19.8;9;85.6;6.4
2019;04;14;20.5;6.7;79.9;9.4
2019;04;15;20;6.9;86.3;3.0
2019;04;16;21.7;7;76.1;2.8
2019;04;17;21.9;7.3;79.0;0.0
2019;04;18;21.4;7;76.4;0.0
2019;04;19;19.5;6.9;83.6;14.8
2019;04;20;21;6.8;79.1;2.0
2019;04;21;21;7;78.9;0.8
2019;04;22;20.2;6.7;78.5;1.4
2019;04;23;20.1;7.2;85.8;0.0
2019;04;24;19.8;9.2;83.7;0.0
2019;04;25;21.6;8;83.5;0.0
2019;04;26;23.2;7.9;74.4;0.0
2019;04;27;20.9;7.6;78.5;0.0
2019;04;28;19.5;7.4;80.2;3.4
2019;04;29;19.2;7.8;83.4;0.0
2019;04;30;23;8.3;76.2;4.2
2019;05;01;22.4;7.5;80.3;21.0
2019;05;02;23.6;8.4;77.0;0.6
2019;05;03;22.5;9;77.8;0.5
2019;05;04;23;8.6;75.7;0.0
2019;05;05;23.2;7.6;76.1;0.0
2019;05;06;23;7.5;76.9;0.0
2019;05;07;22.6;7;76.3;0.0
2019;05;08;21.3;7.8;77.7;0.0
2019;05;09;21;6.8;78.8;0.0
2019;05;10;19.9;7;80.6;1.2
2019;05;11;21.8;8;77.0;1.8
2019;05;12;22.8;8.4;75.2;2.2
2019;05;13;19.7;8;82.6;2.5
2019;05;14;20.4;8.2;82.0;1.6
2019;05;15;21;6.6;80.1;1.2
2019;05;16;21.8;6.9;79.2;0.0
2019;05;17;22.5;6;76.3;0.0
2019;05;18;23.6;5.5;75.9;0.0
2019;05;19;23.5;4.8;77.0;0.0
2019;05;20;22.7;6.3;73.2;0.0
2019;05;21;22.2;6.5;78.2;0.0
2019;05;22;22.2;6;79.3;3.6
2019;05;23;22;7.6;78.2;0.0
2019;05;24;21.7;7.4;77.7;1.2
2019;05;25;20.4;8;79.6;1.0
2019;05;26;20.5;7.6;84.6;0.0
2019;05;27;21;8;82.0;0.0
2019;05;28;22.3;6;79.6;0.0
2019;05;29;22.5;6.4;79.9;0.0
2019;05;30;22.8;6;75.7;0.0
2019;05;31;22.6;5;78.8;0.0
2019;06;01;22.8;5.8;77.4;0.0
2019;06;02;21.8;6;77.3;0.0
2019;06;03;22.7;4.9;76.8;0.0
2019;06;04;22.2;4.8;78.9;0.0
2019;06;05;22.8;5;77.5;0.0
2019;06;06;23.3;5.5;74.8;0.0
2019;06;07;23.6;6;76.0;0.0
2019;06;08;23.6;5.9;74.6;0.0
2019;06;09;22.8;6.6;76.7;0.0
2019;06;10;22.7;5.5;76.8;0.0
2019;06;11;23.5;5.2;73.9;0.0
2019;06;12;23.2;5.6;75.7;0.0
2019;06;13;23.5;6;73.0;0.0
2019;06;14;22.4;5.3;75.4;0.0
2019;06;15;21.6;5;75.8;0.0
2019;06;16;21;6;76.1;0.0
2019;06;17;21.3;9;68.1;0.0
2019;06;18;23;6.8;69.2;0.0
2019;06;19;24.4;6.7;79.0;0.0
2019;06;20;22.5;5;71.8;0.0
2019;06;21;23.8;4.2;75.6;0.0
2019;06;22;23.8;4;69.1;0.0
2019;06;23;22.5;4.5;69.3;0.0
2019;06;24;24.6;5;68.9;0.0
2019;06;25;22;4.7;66.9;0.0
2019;06;26;23.5;5.1;68.2;0.0
2019;06;27;23;5.2;67.4;0.0
2019;06;28;21.4;6;73.1;0.0
2019;06;29;21;6.5;72.9;0.5
2019;06;30;20.7;6.8;75.2;0.0
2019;07;01;24.5;6.2;72.2;0.0
2019;07;01;24.5;6.2;72.2;0.0
2019;07;02;24.4;5;68.8;0.0
2019;07;03;24;4.8;73.7;0.0
2019;07;04;23.6;5.4;70.3;0.0
2019;07;05;22;5.2;74.5;0.0
2019;07;06;21.3;5;74.9;0.6
2019;07;07;20.6;5.6;75.2;1.0
2019;07;08;20.5;6;74.8;0.0
2019;07;09;22.7;6.5;73.9;0.0
2019;07;10;23.4;5.8;73.3;0.0
2019;07;11;24.2;7;71.2;0.0
2019;07;12;22;4;75.3;1.0
2019;07;13;23.5;4.6;72.4;0.0
2019;07;14;21.2;4.9;78.0;0.0
2019;07;15;20.4;4;79.3;2.2
2019;07;16;21.7;4.3;78.8;0.0
2019;07;17;20.5;4.8;80.9;0.0
2019;07;18;22.3;5;78.2;0.0
2019;07;19;21;5.5;77.2;0.0
2019;07;20;22.2;6;80.1;0.0
2019;07;21;22;5.2;75.8;0.0
2019;07;22;21;4.9;77.5;1.6
2019;07;23;22.5;5;76.4;0.0
2019;07;24;19.6;5.1;86.3;0.0
2019;07;25;21.8;5.4;75.5;0.0
2019;07;26;20.5;6.3;78.5;20.0
2019;07;27;21;6.8;75.8;0.0
2019;07;28;21.4;6.4;75.0;0.0
2019;07;29;24;6.6;73.9;0.0
2019;07;30;24.5;5;75.9;0.0
2019;07;31;23.6;3.8;77.4;0.0
2019;08;01;24.5;4.2;74.5;0.0
2019;08;02;25;4;73.6;0.0
2019;08;03;23.6;5.3;77.2;0.0
2019;08;04;24;4.4;79.1;0.0
2019;08;05;24.8;4;77.3;0.0
2019;08;06;25;4.2;73.4;0.0
2019;08;07;25.3;4.5;72.7;0.0
2019;08;08;24;5;77.7;0.0
2019;08;09;24.5;3.9;73.9;0.0
2019;08;10;23.4;3.8;74.9;0.0
2019;08;11;24;4;75.3;0.0
2019;08;12;23.7;5.5;75.5;0.0
2019;08;13;22.4;6;75.4;0.0
2019;08;14;23;6.2;71.6;0.0
2019;08;15;23.5;4;74.5;0.0
2019;08;16;24.3;4.3;76.6;0.0
2019;08;17;25.2;3.2;74.2;0.0
2019;08;18;25.6;3.8;75.4;0.0
2019;08;19;22.5;4.2;75.2;0.0
2019;08;20;22;6;78.9;0.0
2019;08;21;20.4;6.1;84.3;0.0
2019;08;22;22.5;6.7;77.8;0.0
2019;08;23;21.2;7.2;81.4;0.0
2019;08;24;20.5;6.6;81.7;0.0
2019;08;25;22.6;6.9;80.8;0.0
2019;08;26;22;6.1;80.1;0.0
2019;08;27;22.6;6;77.1;0.0
2019;08;28;22.3;5.7;81.8;0.0
2019;08;29;21.9;6.9;78.8;0.0
2019;08;30;24.5;6.6;77.2;0.0
2019;08;31;25.5;6.2;73.6;0.0
2019;09;01;23.6;4.4;77.6;0.0
2019;09;02;21.7;4.8;78.4;0.0
2019;09;03;22.4;4.6;77.2;0.0
2019;09;04;23.8;6;78.0;0.0
2019;09;05;22.6;6.8;78.8;0.0
2019;09;06;24.7;7;76.2;0.0
2019;09;07;23.8;7.5;78.2;0.0
2019;09;08;25;7.4;77.2;0.0
2019;09;09;24.9;7;77.0;0.0
2019;09;10;25.2;6.8;75.2;0.0
2019;09;11;24.9;5.4;74.8;0.0
2019;09;12;23.6;6;76.2;0.0
2019;09;13;24;5.4;77.0;0.0
2019;09;14;22.8;5.2;77.9;0.0
2019;09;15;22.7;5.3;80.1;0.0
2019;09;16;25;5.5;78.6;0.0
2019;09;17;23.5;5.4;78.7;0.0
2019;09;18;23.8;5.6;78.4;0.0
2019;09;19;21.6;9.6;79.8;1.2
2019;09;20;21;8.3;79.8;17.2
2019;09;21;20.5;8.2;81.4;5.8
2019;09;22;20.8;8;81.6;17.6
2019;09;23;21;8.6;82.4;6.0
2019;09;24;21.4;8.4;80.5;1.2
2019;09;25;21.6;8.7;81.9;0.0
2019;09;26;20.4;5.6;81.7;0.0
2019;09;27;20.8;6;81.4;0.8
2019;09;28;22.3;6.2;80.6;0.0
2019;09;29;22.6;5.7;80.9;0.0
2019;09;30;22.8;5.9;79.7;0.0
2019;10;01;21.6;6;80.6;1.2
2019;10;02;22.8;6.3;83.1;0.0
2019;10;03;21.9;6.6;79.8;3.4
2019;10;04;22.3;7.2;78.6;0.0
2019;10;05;22;7.5;80.9;0.0
2019;10;06;21.5;7.8;78.9;0.0
2019;10;07;21;8.2;77.8;0.0
2019;10;08;21.9;8;79.5;6.3
2019;10;09;21.4;8.4;79.6;12.4
2019;10;10;23;5;76.2;0.0
2019;10;11;22.5;7.3;77.3;0.0
2019;10;12;22;7.7;78.2;0.0
2019;10;13;21.3;9.2;77.5;2.6
2019;10;14;20.7;9;77.3;6.4
2019;10;15;21.8;8.4;76.6;1.8
2019;10;16;21.5;8.5;77.5;0.5
2019;10;17;17.4;8;86.6;12.8
2019;10;18;18.4;6.6;83.8;22.2
2019;10;19;20.4;9.6;79.4;6.5
2019;10;20;23.2;6.3;80.9;0.0
2019;10;21;20.8;6.6;77.2;3.6
2019;10;22;20.4;7;78.4;0.0
2019;10;23;20.6;7.4;78.7;0.0
2019;10;24;20.2;6.4;79.9;0.0
2019;10;25;21.7;6.2;77.9;0.0
2019;10;26;23;6.5;72.4;0.0
2019;10;27;22;6;77.2;0.0
2019;10;28;22.4;7;77.7;4.8
2019;10;29;22;7.1;77.4;0.0
2019;10;30;21.6;7.3;77.3;0.0
2019;10;31;20.7;7.4;76.8;15.6
2019;11;01;21.2;7.3;76.0;7.5
2019;11;02;22;7.8;0.0;0.0
2019;11;03;20.5;7.6;79.2;4.2
2019;11;04;21.2;9;81.2;0.0
2019;11;05;20.8;8;79.4;4.5
2019;11;06;20.2;7.8;82.7;30.0
2019;11;07;21.6;9;78.2;0.6
2019;11;08;21.3;8.7;78.5;5.2
2019;11;09;20.5;7.7;77.6;4.4
2019;11;10;20;7.3;84.5;3.0
2019;11;11;17.9;9.2;84.2;20.4
2019;11;12;22.8;10;78.3;0.0
2019;11;13;23.4;8.4;80.5;0.0
2019;11;14;20.7;8.6;79.8;5.8
2019;11;15;20.3;7.8;84.6;1.6
2019;11;16;21.9;7;76.1;0.0
2019;11;17;23;6.9;77.1;0.0
2019;11;18;23.8;5;74.9;0.0
2019;11;19;22.5;4.6;74.9;0.0
2019;11;20;22.8;5;72.3;0.0
2019;11;21;21.6;7.8;75.4;0.0
2019;11;22;23.2;6.9;65.5;0.0
2019;11;23;22.2;6;77.3;0.0
2019;11;24;22.6;6.8;75.9;0.0
2019;11;25;21.7;7.2;78.2;3.0
2019;11;26;24;7.4;75.6;0.4
2019;11;27;22;8;80.7;3.2
2019;11;28;21.8;10;84.4;6.2
2019;11;29;23.5;7.8;77.0;0.0
2019;11;30;21.6;9.6;81.3;2.8
2019;12;01;21;10;81.2;26.7
2019;12;02;21.4;9.9;84.5;9.7
2019;12;03;21.2;9;83.6;6.3
2019;12;04;20.6;10;84.0;4.2
2019;12;05;20.2;9.9;86.0;6.8
2019;12;06;20.8;8.8;79.2;0.0
2019;12;07;22;6.2;79.4;0.0
2019;12;08;22.4;6;78.7;0.0
2019;12;09;21.3;6.5;77.2;0.0
2019;12;10;21;7;80.0;4.1
2019;12;11;20.6;8;80.1;5.8
2019;12;12;20.8;8.6;81.6;9.1
2019;12;13;19.3;7;86.5;0.7
2019;12;14;20.2;6.8;80.1;0.0
2019;12;15;19.9;9;86.0;9.6
2019;12;16;20;10.5;85.5;14.2
2019;12;17;20.7;7.1;83.4;3.2
2019;12;18;20;10.2;84.8;5.3
2019;12;19;19.4;9.2;87.4;15.1
2019;12;20;19.6;9.3;84.9;6.8
2019;12;21;20.1;8.7;80.3;6.0
2019;12;22;19.8;8.5;82.0;5.8
2019;12;23;20.2;8;83.7;4.6
2019;12;24;20.6;9.7;84.4;1.5
2019;12;25;20.9;8.2;77.1;12.4
2019;12;26;21.5;8;78.7;0.0
2019;12;27;21;9.1;77.9;8.4
2019;12;28;21.2;8.3;80.3;13.0
2019;12;29;19;10;86.1;7.4
2019;12;30;19.4;10.2;87.3;12.0
2019;12;31;20.5;7.9;82.3;0.0
2020;01;01;20;8;83.4;8.5
2020;01;02;19;8.6;87.3;4.4
2020;01;03;20;10;79.5;1.4
2020;01;04;21;7.5;80.5;0.0
2020;01;05;21.7;9.8;79.2;0.0
2020;01;06;22.2;9.5;79.3;0.0
2020;01;07;22.6;8.8;77.2;0.0
2020;01;08;22.6;7;78.1;0.0
2020;01;09;22.8;7.6;77.5;0.0
2020;01;10;21.5;8;79.1;0.0
2020;01;11;21.8;8.4;79.9;5.2
2020;01;12;22.6;8.8;77.8;0.0
2020;01;13;23.2;7.4;78.5;0.0
2020;01;14;21.2;9;82.7;1.2
2020;01;15;22;8.5;76.8;0.4
2020;01;16;21.8;9.6;76.7;0.0
2020;01;17;23.5;7.2;76.0;0.0
2020;01;18;22.8;9.9;75.8;0.0
2020;01;19;22;10.2;77.0;0.0
2020;01;20;22.4;9.3;78.8;0.6
2020;01;21;23.2;10;77.4;0.0
2020;01;22;22.3;8.8;79.2;0.0
2020;01;23;22.8;7.4;81.6;0.0
2020;01;24;20;10;81.8;22.7
2020;01;25;18.7;8;84.6;13.4
2020;01;26;19.2;9;85.9;2.2
2020;01;27;20.4;7.5;87.2;0.3
2020;01;28;21;7;84.0;0.0
2020;01;29;19.6;9;84.9;7.2
2020;01;30;20.7;7;85.2;0.0
2020;01;31;22.6;7.4;79.1;0.0
2020;02;01;20;8.6;84.4;5.2
2020;02;02;19.8;10;87.8;25.8
2020;02;03;21.2;9.8;85.4;17.5
2020;02;04;19.5;10;86.7;16.2
2020;02;05;21.8;9.6;84.4;3.5
2020;02;06;21;8.8;84.3;0.0
2020;02;07;19.7;9;87.3;21.1
2020;02;08;20;10;85.2;0.0
2020;02;09;19.8;9.7;84.3;2.2
2020;02;10;18.6;10;85.8;1.4
2020;02;11;19.7;9.6;85.4;11.6
2020;02;12;20.2;9;86.1;0.0
2020;02;13;20.5;8.5;83.8;11.6
2020;02;14;21;8.8;81.3;0.6
2020;02;15;21.5;7.8;82.9;12.8
2020;02;16;20.6;7;82.7;7.4
2020;02;17;22;8.4;79.3;0.0
2020;02;18;22.4;7.8;79.6;0.0
2020;02;19;20.2;8;82.5;2.2
2020;02;20;22.7;8.6;78.8;0.0
2020;02;21;23.4;8;77.2;0.0
2020;02;22;21;9;80.2;0.0
2020;02;23;23.8;7.6;76.1;0.0
2020;02;24;23.4;9;77.0;4.0
2020;02;25;23.2;7.5;78.8;0.0
2020;02;26;22.7;10;78.0;0.0
2020;02;27;22.4;8.8;78.1;0.0
2020;02;28;21.5;9;79.1;3.7
2020;02;29;20.2;11;86.0;13.2
2020;03;01;20;10;85.7;33.4
2020;03;02;19.6;8.8;85.4;19.2
2020;03;03;19;9;85.8;16.6
2020;03;04;20.4;10.2;82.1;0.0
2020;03;05;24;9.3;75.4;0.0
2020;03;06;22.2;8.8;76.3;0.0
2020;03;07;21;10;73.5;2.0
2020;03;08;22.6;9.9;78.9;1.6
2020;03;09;20;9.9;84.4;0.5
2020;03;10;22;10;78.0;1.2
2020;03;11;22.3;9.8;80.4;14.6
2020;03;12;20.6;7.6;81.5;31.4
2020;03;13;20;7;85.0;4.4
2020;03;14;22.2;7.1;82.3;13.8
2020;03;15;22;7.5;83.5;0.0
2020;03;16;20;7.7;85.1;0.8
2020;03;17;0.0;11;0.0;0.0
2020;03;24;0.0;0.0;0.0;0.0
2020;03;25;0.0;0.0;0.0;0.0
2020;03;26;0.0;0.0;0.0;0.0
2020;03;27;0.0;0.0;0.0;0.0
2020;03;28;0.0;0.0;0.0;0.0
2020;03;29;0.0;0.0;0.0;0.0
2020;03;30;0.0;0.0;0.0;0.0
2020;03;31;0.0;0.0;0.0;0.0
2020;04;01;0.0;0.0;0.0;0.0
2020;04;02;0.0;0.0;0.0;0.0
2020;04;03;0.0;0.0;0.0;0.0
2020;04;04;0.0;0.0;0.0;0.0
2020;04;05;0.0;0.0;0.0;0.0
2020;04;06;0.0;0.0;0.0;0.0
2020;04;07;0.0;0.0;0.0;0.0
2020;04;08;0.0;0.0;0.0;0.0
2020;04;09;0.0;0.0;0.0;0.0
2020;04;10;0.0;0.0;0.0;0.0
2020;04;11;0.0;0.0;0.0;0.0
2020;04;12;0.0;0.0;0.0;0.0
2020;04;13;0.0;0.0;0.0;0.0
2020;04;14;0.0;0.0;0.0;0.0
2020;04;15;0.0;0.0;0.0;0.0
2020;04;16;0.0;0.0;0.0;0.0
2020;04;17;0.0;0.0;0.0;0.0
2020;04;18;0.0;0.0;0.0;0.0
2020;04;19;0.0;0.0;0.0;0.0
2020;04;20;0.0;0.0;0.0;0.0
2020;04;21;0.0;0.0;0.0;0.0
2020;04;22;0.0;0.0;0.0;0.0
2020;04;23;0.0;0.0;0.0;0.0
2020;04;24;0.0;0.0;0.0;0.0
2020;04;25;0.0;0.0;0.0;0.0
2020;04;26;0.0;0.0;0.0;0.0
2020;04;27;0.0;0.0;0.0;0.0
2020;04;28;0.0;0.0;0.0;0.0
2020;04;29;0.0;0.0;0.0;0.0
2020;04;30;0.0;0.0;0.0;0.0
2020;05;01;0.0;0.0;0.0;0.0
2020;05;02;0.0;0.0;0.0;0.0
2020;05;03;0.0;0.0;0.0;0.0
2020;05;04;0.0;0.0;0.0;0.0
2020;05;05;0.0;0.0;0.0;0.0
2020;05;06;0.0;0.0;0.0;0.0
2020;05;07;0.0;0.0;0.0;0.0
2020;05;08;0.0;0.0;0.0;0.0
2020;05;09;0.0;0.0;0.0;0.0
2020;05;10;0.0;0.0;0.0;0.0
2020;05;11;0.0;0.0;0.0;0.0
2020;05;12;0.0;0.0;0.0;0.0
2020;05;13;0.0;0.0;0.0;0.0
2020;05;14;0.0;0.0;0.0;0.0
2020;05;15;0.0;0.0;0.0;0.0
2020;05;16;0.0;0.0;0.0;0.0
2020;05;17;0.0;0.0;0.0;0.0
2020;05;18;0.0;0.0;0.0;0.0
2020;05;19;0.0;0.0;0.0;0.0
2020;05;20;0.0;0.0;0.0;0.0
2020;05;21;0.0;0.0;0.0;0.0
2020;05;22;0.0;0.0;0.0;0.0
2020;05;23;0.0;0.0;0.0;0.0
2020;05;24;0.0;0.0;0.0;0.0
2020;05;25;0.0;0.0;0.0;0.0
2020;05;26;0.0;0.0;0.0;0.0
2020;05;27;0.0;0.0;0.0;0.0
2020;05;28;0.0;0.0;0.0;0.0
2020;05;29;0.0;0.0;0.0;0.0
2020;05;30;0.0;0.0;0.0;0.0
2020;05;31;0.0;0.0;0.0;0.0
2020;06;01;0.0;0.0;0.0;0.0
2020;06;02;0.0;0.0;0.0;0.0
2020;06;03;0.0;0.0;0.0;0.0
2020;06;04;0.0;0.0;0.0;0.0
2020;06;05;0.0;0.0;0.0;0.0
2020;06;06;0.0;0.0;0.0;0.0
2020;06;07;0.0;0.0;0.0;0.0
2020;06;08;0.0;0.0;0.0;0.0
2020;06;09;0.0;0.0;0.0;0.0
2020;06;10;0.0;0.0;0.0;0.0
2020;06;11;0.0;0.0;0.0;0.0
2020;06;12;0.0;0.0;0.0;0.0
2020;06;13;0.0;0.0;0.0;0.0
2020;06;14;0.0;0.0;0.0;0.0
2020;06;15;0.0;0.0;0.0;0.0
2020;06;16;0.0;0.0;0.0;0.0
2020;06;17;0.0;0.0;0.0;0.0
2020;06;18;0.0;0.0;0.0;0.0
2020;06;19;0.0;0.0;0.0;0.0
2020;06;20;0.0;0.0;0.0;0.0
2020;06;21;0.0;0.0;0.0;0.0
2020;06;22;0.0;0.0;0.0;0.0
2020;06;23;0.0;0.0;0.0;0.0
2020;06;24;0.0;0.0;0.0;0.0
2020;06;25;0.0;0.0;0.0;0.0
2020;06;26;0.0;0.0;0.0;0.0
2020;06;27;0.0;0.0;0.0;0.0
2020;06;28;0.0;0.0;0.0;0.0
2020;06;29;0.0;0.0;0.0;0.0
2020;06;30;0.0;0.0;0.0;0.0
2020;07;01;24.5;3;77.2;0.0
2020;07;02;23.7;3.2;74.8;0.0
2020;07;03;21.2;4;77.7;0.0
2020;07;04;20.6;5;74.7;0.0
2020;07;05;21;4.3;79.1;1.2
2020;07;06;22.8;7.5;77.9;0.0
2020;07;07;19.9;5.8;82.2;0.0
2020;07;08;21.4;5.5;80.3;0.8
2020;07;09;20.3;7.8;83.2;4.4
2020;07;10;20;7.3;82.4;0.0
2020;07;11;22;8;82.4;0.0
2020;07;12;21.9;6.3;80.0;0.0
2020;07;13;21.8;5.8;79.2;0.0
2020;07;14;22.2;5.2;77.6;0.0
2020;07;15;22;5.7;79.0;0.0
2020;07;16;22.5;6;79.1;0.0
2020;07;17;22.7;5.5;75.7;0.0
2020;07;18;23.6;5;71.7;0.0
2020;07;19;23.5;5.2;75.4;0.0
2020;07;20;24;4.2;73.2;0.0
2020;07;21;23.4;4;75.0;0.0
2020;07;22;22.5;4.3;77.6;0.0
2020;07;23;22;4.6;74.9;0.0
2020;07;24;22.2;5.4;78.1;0.0
2020;07;25;21.9;5;82.8;9.8
2020;07;26;21.7;7.2;80.3;0.9
2020;07;27;22.6;5.1;75.2;0.0
2020;07;28;23.5;4.8;76.6;0.0
2020;07;29;23.2;4.5;75.7;0.0
2020;07;30;24;6;77.9;1.4
2020;07;31;24.8;6.2;72.0;0.0
2020;08;01;25;6.6;71.9;0.0
2020;08;02;25.3;5.7;71.9;0.0
2020;08;03;24.6;5.1;71.4;0.0
2020;08;04;25;2.6;72.3;0.0
2020;08;05;25.2;4.1;70.7;0.0
2020;08;06;24.7;3;71.4;0.0
2020;08;07;24;3.2;73.5;0.0
2020;08;08;23.2;5.9;75.7;0.0
2020;08;09;22.7;6.2;77.2;0.0
2020;08;10;25;5.8;72.7;0.0
2020;08;11;24.8;6;72.1;0.0
2020;08;12;24.7;5.2;72.5;0.0
2020;08;13;24.9;5.5;72.5;0.0
2020;08;14;25.1;5.7;74.1;0.0
2020;08;15;21.8;6;75.7;0.9
2020;08;16;21.5;6.3;78.4;0.0
2020;08;17;22.8;3.6;77.1;0.0
2020;08;18;22.8;3.2;72.1;0.0
2020;08;19;22.9;6.4;71.2;0.0
2020;08;20;20.5;6.5;79.0;0.0
2020;08;21;20.6;6.8;74.0;3.2
2020;08;22;20;8.6;76.6;0.0
2020;08;23;24.5;5;72.7;0.0
2020;08;24;24.8;5.5;70.6;0.0
2020;08;25;23.6;3.3;73.7;0.0
2020;08;26;23.7;4.8;75.7;0.0
2020;08;27;24.3;5.3;72.5;0.0
2020;08;28;23.7;4;71.4;0.0
2020;08;29;22.3;4.9;73.9;0.0
2020;08;30;22;4.6;75.8;1.2
2020;08;31;21.7;5.3;78.5;0.9
2020;09;01;21;7;77.3;0.0
2020;09;02;22.4;6.8;73.3;0.0
2020;09;03;21.8;6;73.1;0.0
2020;09;04;23.5;6.7;70.7;0.0
2020;09;05;24.8;6.9;72.5;0.0
2020;09;06;23.5;6.4;70.9;0.0
2020;09;07;22.3;5;72.9;0.0
2020;09;08;20.7;5.4;82.4;0.0
2020;09;09;21.8;5.3;78.5;0.0
2020;09;10;24.7;5.2;75.4;0.0
2020;09;11;25;6.5;75.2;2.0
2020;09;12;22.5;6.9;76.3;0.0
2020;09;13;22.2;6;75.5;0.0
2020;09;14;21.8;5.9;77.6;0.0
2020;09;15;21.2;7;74.7;0.0
2020;09;16;23.2;6.3;71.5;0.0
2020;09;17;24;4.2;68.6;0.0
2020;09;18;23;6;70.6;0.0
2020;09;19;22;5.9;72.0;0.0
2020;09;20;24.9;7;73.5;0.0
2020;09;21;21.7;7.2;76.0;0.0
2020;09;22;22.6;8;76.8;0.0
2020;09;23;23.3;6.7;72.5;2.8
2020;09;24;21.6;6.5;75.1;0.0
2020;09;25;20.9;7;76.5;0.0
2020;09;26;21.6;7.2;82.3;5.0
2020;09;27;22;5;79.5;1.0
2020;09;28;22.8;6;74.6;14.8
2020;09;29;20.4;7.7;81.6;4.6
2020;09;30;20.4;7.5;81.7;6.6
2020;10;01;20;9;83.8;1.2
2020;10;02;20.3;7.5;82.6;0.6
2020;10;03;20.5;6.8;78.8;0.7
2020;10;04;21.7;10;76.0;0.0
2020;10;05;24;6.8;76.7;0.0
2020;10;06;23.4;5.8;71.9;0.0
2020;10;07;23.5;5.8;72.3;0.0
2020;10;08;23.3;8;70.3;0.0
2020;10;09;24;9.4;66.3;0.0
2020;10;10;25.5;6.8;67.8;0.0
2020;10;11;25.4;5;68.4;0.0
2020;10;12;24;5.6;65.4;0.0
2020;10;13;23.4;6.7;70.2;0.0
2020;10;14;22;6.7;76.8;0.0
2020;10;15;21.6;7;75.1;0.0
2020;10;16;22.5;7.3;73.6;0.0
2020;10;17;21.8;8.7;74.3;0.0
2020;10;18;22;8.4;77.8;2.6
2020;10;19;22.2;7;78.4;0.0
2020;10;20;21.8;6.5;77.9;1.0
2020;10;21;22.6;9.3;80.3;2.2
2020;10;22;21.5;8.5;81.3;3.4
2020;10;23;20.6;7.9;83.1;5.9
2020;10;24;20.8;7.1;79.6;0.6
2020;10;25;21.5;8.7;84.2;2.4
2020;10;26;22;7.2;75.4;0.0
2020;10;27;22.2;7.5;77.8;0.0
2020;10;28;21.2;7.4;80.6;0.0
2020;10;29;20.5;7.4;74.9;0.0
2020;10;30;19.2;6.3;80.1;0.0
2020;10;31;21.4;6;78.4;0.0
2020;11;01;21.9;4;69.3;0.0
2020;11;02;23;3.2;67.8;0.0
2020;11;03;23.9;2.2;58.7;0.0
2020;11;04;23.5;5.4;59.2;0.0
2020;11;05;24;6;61.6;0.0
2020;11;06;22.2;7.5;59.4;0.0
2020;11;07;24.5;8.6;59.9;0.0
2020;11;08;25.5;5.9;58.8;0.0
2020;11;09;23.2;6;62.7;0.0
2020;11;10;23.8;5.3;65.8;0.0
2020;11;11;22.5;8;66.3;0.0
2020;11;12;20.8;7.3;68.1;0.0
2020;11;13;22.4;5.3;67.4;0.0
2020;11;14;22.6;5;63.9;0.0
2020;11;15;21.7;5.8;67.3;0.0
2020;11;16;22;6;73.4;6.6
2020;11;17;21;6.2;71.8;2.6
2020;11;18;21;6.9;79.2;2.2
2020;11;19;20.8;8.2;79.7;6.0
2020;11;20;18.5;8;83.8;6.4
2020;11;21;23.3;8;74.0;0.0
2020;11;22;21.8;8.5;73.2;0.0
2020;11;23;22.3;6.7;73.6;0.0
2020;11;24;25.5;6.4;67.2;0.0
2020;11;25;23.4;7.5;68.2;0.0
2020;11;26;22;7.7;74.2;1.0
2020;11;27;22.5;8;81.3;4.0
2020;11;28;21.6;8.7;78.1;2.0
2020;11;29;20;8.8;81.2;1.0
2020;11;30;20.2;9.3;83.0;7.0
2020;12;01;19.2;8.4;83.6;12.4
2020;12;02;19.7;10;82.2;5.6
2020;12;03;19;9;82.2;20.6
2020;12;04;19.9;9;80.8;19.0
2020;12;05;19;10;87.1;8.8
2020;12;06;19.6;9.9;86.8;7.0
2020;12;07;17.2;10.2;91.1;12.2
2020;12;08;17.7;10;89.5;21.0
2020;12;09;19.3;7;87.4;8.7
2020;12;10;20.2;8.8;85.0;27.2
2020;12;11;18.4;10;87.2;3.0
2020;12;12;19;9.8;84.3;9.3
2020;12;13;18.9;9.8;87.6;6.2
2020;12;14;20;9.2;84.1;4.2
2020;12;15;20.5;8.6;83.0;17.2
2020;12;16;20.4;7.2;83.7;34.5
2020;12;17;19.5;9;82.9;8.2
2020;12;18;18.3;8.8;85.9;7.3
2020;12;19;19.5;9.5;86.0;3.8
2020;12;20;19.9;7.7;85.7;1.4
2020;12;21;19.5;8.3;81.7;7.6
2020;12;22;19.7;9;82.5;0.0
2020;12;23;20;10.2;82.9;1.6
2020;12;24;19.9;8.7;85.0;2.6
2020;12;25;20;9.2;84.9;1.5
2020;12;26;16.8;9.5;87.8;6.2
2020;12;27;17.8;8.8;88.0;2.4
2020;12;28;18.3;8;87.4;6.3
2020;12;29;19.6;8;81.6;0.0
2020;12;30;20.5;6.4;80.2;0.0
2020;12;31;20.3;6.6;78.9;0.0
2021;01;01;19.6;6.9;81.6;0.5
2021;01;02;20.5;7;79.2;0.0
2021;01;03;19.6;7.4;85.3;3.2
2021;01;04;20.4;9.7;82.4;0.5
2021;01;05;19.3;8;84.0;0.6
2021;01;06;16.5;8.4;89.2;0.0
2021;01;07;16;7.8;89.8;4.7
2021;01;08;18.8;8.2;91.8;20.8
2021;01;09;17.9;9.8;91.2;27.5
2021;01;10;20.1;8.6;85.8;6.5
2021;01;11;20.6;8.3;85.5;3.4
2021;01;12;20.2;8.2;87.5;13.0
2021;01;13;19.4;8.5;85.9;10.3
2021;01;14;20;8.3;84.6;12.2
2021;01;15;18.5;9.9;89.4;4.2
2021;01;16;18;10;89.8;2.4
2021;01;17;17.8;9.6;91.1;3.6
2021;01;18;18.4;9.8;89.1;14.0
2021;01;19;17.5;10;89.7;12.4
2021;01;20;18;10.2;92.8;24.0
2021;01;21;18.8;8.7;89.3;11.2
2021;01;22;19;8.9;85.7;14.8
2021;01;23;19.6;9.6;89.3;7.4
2021;01;24;19.5;9.8;86.6;15.0
2021;01;25;19.2;9.9;87.8;18.2
2021;01;26;17.8;10.2;89.7;12.2
2021;01;27;17.8;8;91.1;17.2
2021;01;28;17.7;9.4;91.1;8.6
2021;01;29;18.5;8.7;91.0;13.2
2021;01;30;19.6;8;87.3;1.6
2021;01;31;21.5;8.2;85.4;0.0
2021;02;01;23;7.5;81.5;4.0
2021;02;02;23.4;7.8;77.0;7.2
2021;02;03;22.4;7.5;83.9;8.0
2021;02;04;22.6;8.4;78.9;3.2
2021;02;05;21.7;9.9;84.4;22.6
2021;02;06;20.4;9.8;80.9;0.0
2021;02;07;21;10;80.5;9.8
2021;02;08;20.9;7.4;81.4;0.0
2021;02;09;21.6;8.8;81.1;0.0
2021;02;10;21.8;7.2;76.6;0.0
2021;02;11;20.6;6;75.0;0.0
2021;02;12;18.8;7.6;86.3;0.0
2021;02;13;22;8.5;80.5;0.0
2021;02;14;22.2;7.5;79.9;0.0
2021;02;15;22.4;6.5;81.3;0.0
2021;02;16;19.2;5.2;85.4;5.7
2021;02;17;18.6;6;84.1;0.0
2021;02;18;19.5;5;78.1;0.0
2021;02;19;20.2;3.3;76.7;0.0
2021;02;20;21.7;4;72.0;0.0
2021;02;21;22;3.8;74.9;0.0
2021;02;22;17.4;8.4;81.0;0.0
2021;02;23;19.7;9.6;80.3;4.6
2021;02;24;21.6;9.8;76.1;0.0
2021;02;25;22;9.7;75.4;0.0
2021;02;26;22.5;6.3;76.6;0.0
2021;02;27;22.2;6.6;75.8;8.0
2021;02;28;19.7;8.8;85.6;11.8
2021;03;01;19.4;8.8;87.4;3.7
2021;03;02;18.2;9.4;89.3;8.0
2021;03;03;18.4;9.3;87.8;10.8
2021;03;04;18.8;8.6;85.6;16.4
2021;03;05;19.6;9.4;85.5;4.8
2021;03;06;19.8;8.3;84.4;12.6
2021;03;07;18.5;8;89.2;18.6
2021;03;08;18;10;90.5;22.0
2021;03;09;18.6;9.9;89.3;36.9
2021;03;10;17.2;9.6;91.2;5.4
2021;03;11;18.4;9.8;87.2;9.0
2021;03;12;20.5;8.8;83.9;11.5
2021;03;13;21;7.3;82.0;0.0
2021;03;14;20.6;7;84.1;1.6
2021;03;15;16.6;7.5;89.3;11.8
2021;03;16;16;7.6;90.0;15.0
2021;03;17;18.2;7.3;86.3;23.8
2021;03;18;17.9;6.4;89.6;4.6
2021;03;19;18;8.3;85.6;0.0
2021;03;20;19.9;6.3;85.7;0.0
2021;03;21;18.7;6.2;85.5;4.4
2021;03;22;18.6;6.8;86.5;4.0
2021;03;23;20.5;8.9;84.7;7.8
2021;03;24;20.8;9.5;84.5;5.0
2021;03;25;20.4;6.8;84.5;1.0
2021;03;26;20.6;7;83.0;4.5
2021;03;27;21.5;7.3;85.7;6.0
2021;03;28;20;7.2;82.5;0.0
2021;03;29;18.6;7;86.1;5.8
2021;03;30;19.2;9.2;87.7;11.0
2021;03;31;20.2;9.5;86.1;8.2
2021;04;01;20.2;9.9;83.8;1.4
2021;04;02;21.8;9.8;79.0;12.9
2021;04;03;20.6;9.6;88.2;18.5
2021;04;04;20;9.9;86.7;14.4
2021;04;05;20.3;8.9;84.5;5.2
2021;04;06;20.4;8.8;86.1;11.4
2021;04;07;19.5;9.9;85.9;15.0
2021;04;08;19;9.4;86.5;0.0
2021;04;09;19.2;9.5;85.8;8.0
2021;04;10;19;8.6;85.9;20.5
2021;04;11;18.5;8.6;88.4;3.0
2021;04;12;18;8.4;90.1;0.0
2021;04;13;20.8;9.5;82.0;0.0
2021;04;14;22.2;8.9;78.7;0.0
2021;04;15;20;8;85.6;0.0
2021;04;16;19.5;8;86.4;8.0
2021;04;17;20.4;7.6;84.6;0.0
2021;04;18;18.6;8.6;86.6;1.8
2021;04;19;19.6;7.6;83.3;0.0
2021;04;20;19.5;7;88.1;3.0
2021;04;21;21.8;7.1;83.8;3.2
2021;04;22;20.4;6.7;91.1;8.0
2021;04;23;20.8;7.2;89.4;0.0
2021;04;24;22;7;85.0;0.0
2021;04;25;19;7.2;87.4;1.0
2021;04;26;18;7;88.9;1.2
2021;04;27;18.4;6.8;87.8;0.0
2021;04;28;19.9;7;85.8;0.0
2021;04;29;20.5;7;86.7;1.2
2021;04;30;20;8;87.0;8.3
2021;05;01;20.4;8.5;85.0;6.5
2021;05;02;20.6;10;86.7;17.6
2021;05;03;19;9.9;88.0;10.5
2021;05;04;18.5;6.6;90.3;0.0
2021;05;05;18.8;6.8;89.2;0.0
2021;05;06;20;6.2;87.9;1.4
2021;05;07;19.9;6.9;88.4;3.6
2021;05;08;19;6.5;84.8;1.2
2021;05;09;21.8;7.2;81.7;0.0
2021;05;10;22;7;82.3;0.0
2021;05;11;22.2;6.9;81.6;0.0
2021;05;12;20.9;6.2;83.7;0.0
2021;05;13;21.6;6.5;79.6;0.0
2021;05;14;21;8;85.1;0.0
2021;05;15;21.6;7.5;84.7;5.8
2021;05;16;20;7.4;84.1;1.2
2021;05;17;18.5;7.6;87.4;0.0
2021;05;18;18;6.8;89.0;2.6
2021;05;19;18.5;6.7;88.1;14.0
2021;05;20;21.7;7;82.7;0.0
2021;05;21;19.6;6.9;87.8;7.8
2021;05;22;22.2;7.1;83.5;2.6
2021;05;23;20;7.2;89.3;3.8
2021;05;24;20.8;6.9;84.3;0.0
2021;05;25;21.9;7.2;85.2;0.0
2021;05;26;22.6;7.3;78.1;0.0
2021;05;27;22.3;7.1;81.5;0.0
2021;05;28;22.7;6.5;79.7;0.0
2021;05;29;22.5;6;79.8;0.0
2021;05;30;22.8;5.9;81.3;0.0
2021;05;31;21;6.8;83.6;2.8
2021;06;01;21.4;7;80.3;0.0
2021;06;02;22.2;7.2;82.5;3.7
2021;06;03;21.9;7.4;78.1;0.0
2021;06;04;22.4;6.2;78.8;0.0
2021;06;05;22;6;80.0;3.8
2021;06;06;21.7;6.1;83.2;4.4
2021;06;07;21.2;6.4;81.8;3.4
2021;06;08;18.2;9;88.3;2.6
2021;06;09;19.2;7.4;88.4;0.0
2021;06;10;22.2;7;82.9;0.0
2021;06;11;23.4;7.3;80.1;0.0
2021;06;12;20.3;6.8;80.1;0.0
2021;06;13;20.5;6.7;81.0;0.0
2021;06;14;21.8;6;72.2;0.0
2021;06;15;21.6;5;78.4;0.0
2021;06;16;19.9;5.6;80.1;0.0
2021;06;17;21.4;5.9;74.4;0.0
2021;06;18;20.8;5;81.0;2.4
2021;06;19;19.6;6.6;78.5;0.0
2021;06;20;19.8;5.6;84.1;0.0
2021;06;21;21.5;6.4;84.6;0.0
2021;06;22;20.6;5.9;82.0;0.0
2021;06;23;22.2;5.5;81.3;0.0
2021;06;24;22.5;5.4;78.9;0.0
2021;06;25;22.5;5.9;81.8;0.0
2021;06;26;22.2;5.6;79.9;0.0
2021;06;27;22.7;4.8;79.7;3.5
2021;06;28;22;5.7;79.2;0.0
2021;06;29;19;4.6;82.5;0.5
2021;06;30;20.6;3.4;83.7;1.5
2021;07;01;21;4.3;81.7;0.0
2021;07;02;22.3;3.5;67.4;0.0
2021;07;03;21.9;3.8;67.3;0.0
2021;07;04;23.2;3.9;70.2;0.0
2021;07;05;23.4;4;71.2;0.0
2021;07;06;23.7;4;72.8;0.0
2021;07;07;23.6;4.2;66.4;0.0
2021;07;08;22.8;4.4;68.5;0.0
2021;07;09;22.3;4.3;77.8;0.0
2021;07;10;22.4;5.4;73.8;0.0
2021;07;11;20.8;6.3;74.5;0.0
2021;07;12;20.5;6.4;76.0;1.5
2021;07;13;21.4;6;77.0;0.0
2021;07;14;21;5.9;78.0;0.0
2021;07;15;21.8;6;77.7;0.0
2021;07;16;23.5;4.8;79.6;0.0
2021;07;17;22.3;5;74.6;1.8
2021;07;18;21.2;8.4;77.9;0.0
2021;07;19;23;5.4;69.2;0.0
2021;07;20;23.8;7;72.3;0.0
2021;07;21;22.6;5.7;67.6;0.0
2021;07;22;23.2;5.9;69.5;0.0
2021;07;23;22.6;4.3;68.4;0.0
2021;07;24;23;3.5;68.5;0.0
2021;07;25;23.3;3.4;70.5;0.0
2021;07;26;22.4;4;75.7;6.4
2021;07;27;22.2;4.1;75.6;5.8
2021;07;28;21.2;3.9;79.9;0.0
2021;07;29;21.8;4.2;74.3;0.0
2021;07;30;22.6;5;71.0;0.0
2021;07;31;23;6.9;77.7;0.0
2021;08;01;22.4;7.2;68.0;0.0
2021;08;02;21.5;8.8;69.2;0.0
2021;08;03;22.4;4;71.1;0.0
2021;08;04;22.6;4.8;74.3;0.0
2021;08;05;22.3;4.6;68.9;0.0
2021;08;06;23.2;5.4;71.4;0.0
2021;08;07;22.6;6.1;70.8;0.0
2021;08;08;21.8;3.5;70.5;0.0
2021;08;09;22;4.4;71.3;0.0
2021;08;10;22.5;5;66.6;0.0
2021;08;11;21.7;6.3;71.3;0.0
2021;08;12;19.6;6.5;75.1;0.0
2021;08;13;22.2;6.4;74.3;0.0
2021;08;14;21;6.6;72.6;0.0
2021;08;15;19.4;6;80.4;0.0
2021;08;16;22.6;6.3;78.7;3.2
2021;08;17;20.6;5;78.4;0.0
2021;08;18;21.2;5.3;75.6;0.0
2021;08;19;21.5;5.2;73.7;0.0
2021;08;20;21.2;5;76.2;0.0
2021;08;21;23;5.1;71.5;0.0
2021;08;22;23.4;6;72.8;0.0
2021;08;23;21.8;4.8;74.8;2.2
2021;08;24;22;5;78.3;0.0
2021;08;25;23.4;5.3;76.7;0.0
2021;08;26;22.7;6;76.4;0.0
2021;08;27;22.4;6.3;76.0;0.0
2021;08;28;22.2;6.9;75.9;2.5
2021;08;29;20.2;7;80.5;3.6
2021;08;30;19.5;8;82.5;3.0
2021;08;31;19.8;8.2;86.0;14.8
2021;09;01;22.2;7.2;75.5;0.0
2021;09;02;21.5;5.4;79.3;0.0
2021;09;03;21.8;6.7;77.9;0.0
2021;09;04;22.4;6;64.1;0.0
2021;09;05;21.5;5.6;74.6;2.4
2021;09;06;21.4;7;77.5;0.0
2021;09;07;21;6.9;85.7;3.8
2021;09;08;20.5;6.2;79.6;1.5
2021;09;09;21.6;7;84.4;17.4
2021;09;10;20.6;7.2;79.1;0.6
2021;09;11;18.8;6.9;83.4;2.2
2021;09;12;18.6;7;81.8;1.2
2021;09;13;22;6.9;78.2;0.0
2021;09;14;20.8;6.4;79.6;0.0
2021;09;15;21.6;6.8;77.4;0.0
2021;09;16;19;6.3;81.8;0.0
2021;09;17;21.6;7;75.1;0.0
2021;09;18;22.6;5;77.5;0.0
2021;09;19;22.2;5.5;73.1;0.5
2021;09;20;22.6;6.2;76.3;0.0
2021;09;21;22.5;5.8;76.6;0.0
2021;09;22;21.6;7.6;78.6;0.0
2021;09;23;21.8;7.7;77.5;0.0
2021;09;24;22.8;5.9;77.3;0.0
2021;09;25;23.2;7.7;77.9;0.0
2021;09;26;23.6;7.5;75.6;0.0
2021;09;27;24.4;7;68.8;0.0
2021;09;28;24.2;6.8;72.0;0.0
2021;09;29;22.5;5.8;75.9;1.2
2021;09;30;20.4;7.8;80.4;5.6
2021;10;01;20.5;7;78.8;0.0
2021;10;02;20.8;6.9;78.8;0.5
2021;10;03;20;7.6;76.7;4.9
2021;10;04;21.3;7.7;78.0;7.2
2021;10;05;19.8;8.2;83.5;21.1
2021;10;06;19.4;9.2;84.2;12.2
2021;10;07;20;8;82.6;4.0
2021;10;08;19.6;8.6;95.2;4.4
2021;10;09;18.8;10.2;88.0;9.7
2021;10;10;20.8;9.6;82.3;2.4
2021;10;11;20.8;6.8;81.4;0.0
2021;10;12;21.5;6.7;80.7;0.0
2021;10;13;20.6;9;76.5;2.6
2021;10;14;24.5;7.3;81.0;14.0
2021;10;15;19;8.6;86.0;3.8
2021;10;16;19.5;9;83.6;21.2
2021;10;17;17.6;9.8;86.4;2.8
2021;10;18;18.8;8.3;85.8;20.8
2021;10;19;18.6;8.2;83.7;22.4
2021;10;20;18;8.5;85.8;7.2
2021;10;21;16.8;9.2;92.2;4.9
2021;10;22;18.4;8.8;87.9;2.0
2021;10;23;19.3;7.7;82.8;0.0
2021;10;24;19.8;7.2;81.7;0.0
2021;10;25;20.5;6.6;81.0;0.0
2021;10;26;21.8;6.3;77.3;0.7
2021;10;27;21.7;7;80.8;1.0
2021;10;28;22.2;7.6;78.4;9.8
2021;10;29;22.6;9;79.5;0.6
2021;10;30;22.5;7.5;77.1;0.0
2021;10;31;22;7;74.7;0.0
2021;11;01;22.4;7.2;76.6;0.8
2021;11;02;20;6.9;81.6;0.0
2021;11;03;21.4;8.6;86.2;4.2
2021;11;04;19;8;86.8;1.4
2021;11;05;19.6;9;86.2;1.0
2021;11;06;20.2;8.9;84.8;9.0
2021;11;07;20;8.5;83.5;0.0
2021;11;08;18.8;8.6;85.1;1.5
2021;11;09;20.6;8.4;79.1;0.0
2021;11;10;20.6;9;76.7;0.0
2021;11;11;20.2;7.4;76.4;3.2
2021;11;12;19.2;8;77.8;0.0
2021;11;13;22.3;7.7;75.2;0.0
2021;11;14;21.2;8;80.7;0.5
2021;11;15;22.3;7;76.3;0.0
2021;11;16;19;7.9;81.8;1.4
2021;11;17;21.5;7;79.2;0.0
2021;11;18;22;6.9;77.0;0.0
2021;11;19;22.6;7.2;76.1;0.0
2021;11;20;22;7.5;76.5;0.0
2021;11;21;20.4;7;77.6;8.6
2021;11;22;22.2;5.2;77.2;6.6
2021;11;23;21.4;6.3;79.2;14.5
2021;11;24;15.8;6;81.0;2.6
2021;11;25;19.5;9.2;74.9;15.0
2021;11;26;19;9;78.1;14.4
2021;11;27;18;9;81.4;2.2
2021;11;28;19;8.8;85.8;5.0
2021;11;29;19.2;9.2;84.5;1.2
2021;11;30;20.6;9.9;79.5;0.0
2021;12;01;23.4;9.2;76.0;0.0
2021;12;02;21.5;9;76.6;6.5
2021;12;03;19;10;79.4;0.0
2021;12;04;21;9.3;83.4;15.2
2021;12;05;21.6;9.9;81.4;27.0
2021;12;06;23.9;9.8;75.4;8.0
2021;12;07;22.4;10.4;78.7;2.8
2021;12;08;21.2;9.8;77.2;2.4
2021;12;09;20.8;9;77.7;3.0
2021;12;10;20.4;10.4;77.7;3.5
2021;12;11;18.8;10.3;81.6;1.0
2021;12;12;17.7;9.2;78.9;0.0
2021;12;13;20.5;8;80.7;0.0
2021;12;14;20.6;5;75.9;0.0
2021;12;15;21.9;5.2;74.2;0.0
2021;12;16;21.7;7.8;76.1;0.0
2021;12;17;19.6;7.4;81.7;3.0
2021;12;18;20.6;7;77.1;12.2
2021;12;19;18.8;6.9;79.2;19.4
2021;12;20;18.8;7.6;84.4;7.6
2021;12;21;21.5;6.6;75.6;0.0
2021;12;22;21.4;8;78.4;1.8
2021;12;23;21.8;5;77.9;0.5
2021;12;24;22.5;6.6;77.1;0.0
2021;12;25;23.8;7.8;73.7;0.0
2021;12;26;23.4;6.3;66.2;0.0
2021;12;27;24;4.8;69.1;0.0
2021;12;28;22.5;5;73.6;0.0
2021;12;29;21.2;5.2;75.3;0.0
2021;12;30;22;5;75.5;0.0
2021;12;31;20.5;6;76.1;26.4
2022;01;01;20;8.8;81.5;0.0
2022;01;02;22;7;76.3;0.0
2022;01;03;21.2;7.4;77.5;0.0
2022;01;04;21;6.8;77.0;0.0
2022;01;05;22;7.2;77.4;0.0
2022;01;06;20.7;7;74.5;0.0
2022;01;07;22.8;7.5;80.6;2.8
2022;01;08;23;6.2;75.4;0.0
2022;01;09;22;6.4;75.1;0.0
2022;01;10;21;7;76.2;0.0
2022;01;11;22.7;7.3;72.3;0.0
2022;01;12;21.2;6;72.1;0.0
2022;01;13;22.8;5;74.1;0.0
2022;01;14;20.6;7.2;80.5;0.0
2022;01;15;19.9;6.9;84.8;0.5
2022;01;16;18.2;7.2;87.2;12.2
2022;01;17;19.6;8.8;84.4;16.2
2022;01;18;18.4;6.5;86.2;17.0
2022;01;19;23.2;6.7;80.5;16.0
2022;01;20;23;7.2;77.4;5.5
2022;01;21;21.9;9.8;80.6;0.0
2022;01;22;21.3;9;80.6;1.6
2022;01;23;20.5;8;82.5;6.6
2022;01;24;20.9;8.2;81.9;7.6
2022;01;25;20.8;8.8;79.9;23.4
2022;01;26;19.8;9.7;86.1;5.2
2022;01;27;20.5;8.8;85.0;5.8
2022;01;28;20.5;8.4;83.9;0.0
2022;01;29;15.6;9;85.8;0.0
2022;01;30;18;6.6;88.7;0.0
2022;01;31;19.5;9.8;77.1;0.0
2022;02;01;20;3.7;75.3;0.0
2022;02;02;19.8;4.8;76.1;0.0
2022;02;03;21.2;7.2;74.4;0.0
2022;02;04;20.7;8;84.5;18.8
2022;02;05;19.9;8.8;82.3;6.4
2022;02;06;19.8;9;85.2;7.8
2022;02;07;17.7;9.6;89.6;22.2
2022;02;08;20.4;10;85.6;6.7
2022;02;09;17;9;87.1;8.2
2022;02;10;16.7;9.9;90.4;5.6
2022;02;11;19.8;9.6;87.9;13.6
2022;02;12;19.9;8.8;87.9;0.8
2022;02;13;19.8;9;87.0;2.8
2022;02;14;20.2;10;86.3;0.0
2022;02;15;17.4;9;84.9;2.2
2022;02;16;19.4;8.6;85.3;14.8
2022;02;17;20.2;8.8;86.6;12.4
2022;02;18;19.3;8.9;87.1;0.0
2022;02;19;20.5;8.7;84.8;0.0
2022;02;20;20;9;80.9;0.0
2022;02;21;21.3;8;78.7;0.0
2022;02;22;20;7.9;80.4;1.0
2022;02;23;17.8;7.6;87.5;1.0
2022;02;24;19.8;7.2;82.1;11.4
2022;02;25;19.2;7;85.1;25.5
2022;02;26;17.8;10;86.8;9.2
2022;02;27;18.8;10.2;86.2;1.5
2022;02;28;18.8;9.9;88.6;0.0
2022;03;01;19.8;10;84.5;22.4
2022;03;02;18.7;8.6;87.5;60.8
2022;03;03;18.8;8.6;87.7;25.6
2022;03;04;17.7;7.9;90.3;9.4
2022;03;05;16.4;8.4;92.1;4.6
2022;03;06;18;5.9;87.5;4.0
2022;03;07;18.6;7;86.7;5.7
2022;03;08;19.2;6.8;86.6;6.5
2022;03;09;19.5;6.6;86.8;0.0
2022;03;10;20.5;6.8;80.5;0.7
2022;03;11;20.5;7.5;81.9;4.8
2022;03;12;20.2;9.8;82.3;9.0
2022;03;13;19.5;8.6;85.0;24.9
2022;03;14;17.9;8.7;89.5;4.2
2022;03;15;16.5;7.5;87.8;3.2
2022;03;16;19.2;7.4;87.6;0.8
2022;03;17;20.5;7;79.9;0.0
2022;03;18;19.7;7.7;82.3;0.0
2022;03;19;20.8;7.2;85.8;4.4
2022;03;20;20.6;7.4;82.4;0.5
2022;03;21;18.8;9.8;87.4;5.2
2022;03;22;18.8;9.5;86.5;4.6
2022;03;23;20.5;7.5;82.3;0.0
2022;03;24;18.7;7;85.0;5.2
2022;03;25;20.4;7.3;84.8;5.6
2022;03;26;19.6;9;85.2;3.2
2022;03;27;18;8;88.7;25.9
2022;03;28;17.7;10;89.9;9.7
2022;03;29;19.6;8;85.0;3.8
2022;03;30;19.8;9;87.4;3.0
2022;03;31;19.2;8.4;88.3;11.0
2022;04;01;18;8.6;87.9;19.0
2022;04;02;20.2;10;84.3;0.5
2022;04;03;20.4;9.9;83.1;1.2
2022;04;04;19.2;9.7;85.1;20.4
2022;04;05;19.8;7.5;84.3;3.2
2022;04;06;20.6;7.3;85.8;3.9
2022;04;07;20.8;7;83.8;2.8
2022;04;08;19;6.8;83.8;3.4
2022;04;09;19.4;6.9;85.5;3.6
2022;04;10;18.6;7.1;85.0;0.5
2022;04;11;18.6;6.9;84.0;8.0
2022;04;12;19.8;8;84.8;4.0
2022;04;13;21.5;7.2;84.9;3.5
2022;04;14;20.4;9;83.4;0.0
2022;04;15;20;8.8;80.6;5.0
2022;04;16;20.8;8.4;83.5;0.0
2022;04;17;21.6;8;81.3;0.0
2022;04;18;20.2;7.7;78.9;0.0
2022;04;19;18.8;7.2;87.2;0.0
2022;04;20;17.2;5.9;89.7;2.2
2022;04;21;16.4;6.9;89.3;13.6
2022;04;22;19.6;7;84.4;0.0
2022;04;23;20.6;6.8;79.2;0.0
2022;04;24;20;7;80.0;0.0
2022;04;25;19.3;6.6;83.2;2.8
2022;04;26;20.5;7.6;80.6;0.0
2022;04;27;20;8;80.2;0.0
2022;04;28;19.4;8.2;81.1;0.0
2022;04;29;19.5;8.1;83.1;0.0
2022;04;30;19;7.7;84.5;0.0
2022;05;01;20.4;8;80.8;0.0
2022;05;02;21;7;78.8;0.0
2022;05;03;21.6;6.9;74.7;1.0
2022;05;04;19.5;5.8;80.4;2.5
2022;05;05;21;6.8;79.9;17.4
2022;05;06;21.5;7.4;80.5;0.0
2022;05;07;22.2;7;77.1;0.0
2022;05;08;22;7.2;76.9;0.0
2022;05;09;21.5;6.8;78.1;0.0
2022;05;10;20;5.8;82.6;1.8
2022;05;11;20.4;6;81.8;0.0
2022;05;12;20;6.4;82.0;1.2
2022;05;13;19.5;6.8;83.6;1.4
2022;05;14;20.8;7;81.5;18.6
2022;05;15;21.5;7.2;78.3;7.0
2022;05;16;19.6;6;82.1;3.6
2022;05;17;19.7;5.6;80.7;11.2
2022;05;18;18.6;5.8;83.6;0.0
2022;05;19;19.2;5.2;82.6;0.0
2022;05;20;21.5;6;78.5;1.2
2022;05;21;23.6;6.2;76.7;0.0
2022;05;22;23;6.6;75.6;0.0
2022;05;23;21;6;76.4;0.0
2022;05;24;22.6;5;70.5;0.0
2022;05;25;22.8;5.8;78.3;7.0
2022;05;26;19.6;5.6;80.9;1.4
2022;05;27;19.9;5;80.4;1.8
2022;05;28;20;6.2;84.0;0.5
2022;05;29;21;6;81.0;11.6
2022;05;30;21.2;5.8;83.9;14.8
2022;05;31;19;4.5;78.7;0.4
2022;06;01;22;5;79.4;0.0
2022;06;02;17.9;5.4;79.9;0.3
2022;06;03;18.4;5.8;82.6;1.8
2022;06;04;16;6.2;84.1;0.0
2022;06;05;18.9;8.8;85.1;0.0
2022;06;06;22.7;8.6;77.5;0.0
2022;06;07;19.2;7;85.1;0.0
2022;06;08;18.8;7.2;89.9;0.0
2022;06;09;19.8;5.5;89.4;0.0
2022;06;10;22;6;84.5;0.0
2022;06;11;18.8;6.2;87.5;0.0
2022;06;12;22.2;6.6;77.5;0.0
2022;06;13;22.3;4.8;76.2;0.0
2022;06;14;21.7;4.2;75.4;0.0
2022;06;15;21.9;4;74.8;0.0
2022;06;16;21.6;4.5;76.7;0.0
2022;06;17;20.2;3.7;76.2;0.0
2022;06;18;19.4;4;79.1;0.0
2022;06;19;19.5;4.4;76.7;0.0
2022;06;20;22.5;6;75.5;0.0
2022;06;21;22.6;5;79.3;0.0
2022;06;22;22.8;5.3;78.0;0.0
2022;06;23;19.9;5;82.7;0.0
2022;06;24;21;6;80.2;0.0
2022;06;25;20.3;7;79.2;0.0
2022;06;26;21.8;6;70.3;0.0
2022;06;27;21.2;6.6;72.8;0.0
2022;06;28;22.8;4;73.0;0.0
2022;06;29;22.4;4.2;69.2;0.0
2022;06;30;22;3.9;69.0;0.0
2022;07;01;21;2.8;71.6;0.0
2022;07;02;22.2;3;66.6;0.0
2022;07;03;21.6;5.8;69.7;0.0
2022;07;04;21.5;5.9;77.1;0.0
2022;07;05;22.2;5.3;67.6;0.0
2022;07;06;21.8;5.8;71.3;0.0
2022;07;07;23.5;5;71.5;0.0
2022;07;08;22.6;4.9;71.5;0.0
2022;07;09;21.4;6.8;74.7;0.0
2022;07;10;21.8;6.5;71.4;0.0
2022;07;11;22.5;6;73.7;0.0
2022;07;12;21.6;5;75.4;0.0
2022;07;13;21.5;6.2;73.1;0.0
2022;07;14;20.9;6.5;66.5;0.0
2022;07;15;21.8;4;65.2;0.0
2022;07;16;22.2;4.4;69.3;0.0
2022;07;17;21.7;4.6;69.2;0.0
2022;07;18;20.6;5;72.7;0.0
2022;07;19;21.4;7;68.9;0.0
2022;07;20;22.2;5.2;69.7;0.0
2022;07;21;22;5;71.1;0.0
2022;07;22;21;4;75.3;0.0
2022;07;23;21.4;4.2;71.7;0.0
2022;07;24;21;4;74.7;0.0
2022;07;25;20.4;4;74.6;0.5
2022;07;26;19.4;5;73.0;0.4
2022;07;27;20.3;4.5;74.6;0.0
2022;07;28;22.4;4.9;74.1;0.0
2022;07;29;23.5;4.8;77.2;0.0
2022;07;30;23.4;5;75.1;0.0
2022;07;31;23.3;4.6;67.8;0.0
2022;08;01;22.8;3.8;73.9;0.0
2022;08;02;20.6;4.6;73.3;0.0
2022;08;03;20.5;5.2;76.0;3.2
2022;08;04;20.4;5.6;76.5;0.0
2022;08;05;20.6;5.8;76.0;1.4
2022;08;06;19.5;7;77.9;0.0
2022;08;07;20.4;7.2;78.6;3.7
2022;08;08;19.9;5.4;79.2;0.5
2022;08;09;19.4;7;78.6;0.4
2022;08;10;19.8;7.6;78.6;0.5
2022;08;11;21;7.4;75.5;0.0
2022;08;12;21.4;5;73.3;0.0
2022;08;13;22;5.3;76.9;0.0
2022;08;14;22.5;5;74.0;0.0
2022;08;15;22.4;5.2;73.3;0.0
2022;08;16;22.8;4.8;70.1;0.0
2022;08;17;23;6;72.1;0.0
2022;08;18;23.2;4.8;73.8;0.0
2022;08;19;19.6;6;78.4;0.0
2022;08;20;23.5;5.8;71.1;0.0
2022;08;21;20.6;5.2;74.8;0.0
2022;08;22;20.8;5.3;76.9;0.0
2022;08;23;21.8;3.8;73.2;0.0
2022;08;24;23.4;3.4;73.5;0.0
2022;08;25;23.4;3.4;70.1;0.0
2022;08;26;21.5;3.5;72.5;0.0
2022;08;27;20.8;3.8;69.5;0.0
2022;08;28;21.4;4.2;78.1;0.0
2022;08;29;21.5;5;75.9;0.0
2022;08;30;21;6.2;74.8;0.0
2022;08;31;20.6;6.5;74.6;0.0
2022;09;01;20.8;5.5;77.0;0.0
2022;09;02;22.2;5;76.4;0.0
2022;09;03;23.2;4.6;76.4;0.0
2022;09;04;20.6;5.2;76.5;0.0
2022;09;05;23.8;6.6;74.3;0.0
2022;09;06;21;5;76.8;0.0
2022;09;07;23.5;5.4;76.8;0.0
2022;09;08;25;5.6;74.0;0.0
2022;09;09;23.8;5.2;74.5;0.0
2022;09;10;21;7.6;77.9;0.0
2022;09;11;20.2;7.6;78.5;0.0
2022;09;12;22;7;76.6;0.0
2022;09;13;21.6;5;76.0;0.0
2022;09;14;20.5;7.8;78.5;0.0
2022;09;15;19.8;7.7;81.0;2.3
2022;09;16;19.4;8;81.8;5.4
2022;09;17;20.8;7.9;81.9;0.0
2022;09;18;20.5;6.3;80.7;3.4
2022;09;19;20.2;5.5;81.4;0.5
2022;09;20;19.8;4.5;81.6;0.4
2022;09;21;20.8;6.3;82.8;0.0
2022;09;22;22.2;6.4;77.8;0.0
2022;09;23;21.5;5.8;77.8;0.0
2022;09;24;20.6;6;77.8;0.0
2022;09;25;20.5;6.2;82.4;19.4
2022;09;26;21.4;6.2;80.8;6.2
2022;09;27;21.6;6.8;85.4;1.8
2022;09;28;21;6.2;75.8;0.5
2022;09;29;20.2;6;76.9;0.8
2022;09;30;19.6;5.8;78.2;6.4
2022;10;01;19.2;6.3;80.7;0.0
2022;10;02;21.5;7;77.9;0.0
2022;10;03;20.4;6.6;78.7;0.0
2022;10;04;21.8;6.2;78.0;0.0
2022;10;05;21.8;6;76.1;0.0
2022;10;06;22;6.5;72.6;0.0
2022;10;07;20.4;4.5;72.9;0.0
2022;10;08;21;4.8;75.3;2.4
2022;10;09;21;5;78.3;0.0
2022;10;10;22.8;7.6;78.5;0.0
2022;10;11;22.8;7;78.0;1.0
2022;10;12;23.5;6.8;79.4;0.0
2022;10;13;23.8;6.5;75.3;0.0
2022;10;14;23.2;5.8;76.7;0.0
2022;10;15;20.5;5.6;76.8;3.8
2022;10;16;21.9;6.6;77.5;0.0
2022;10;17;20.6;6;83.2;0.0
2022;10;18;19.8;7.5;80.9;0.0
2022;10;19;20.7;7.8;78.5;0.0
2022;10;20;21.5;7;77.7;0.0
2022;10;21;21.6;6.2;76.0;0.8
2022;10;22;22.2;6.4;79.0;0.0
2022;10;23;22.4;5.8;75.8;0.0
2022;10;24;18.4;5.5;83.7;0.6
2022;10;25;21.4;6.2;79.3;0.0
2022;10;26;22.8;6.3;75.4;0.0
2022;10;27;22.5;6.2;78.1;0.0
2022;10;28;22.6;5.8;77.7;0.0
2022;10;29;22.9;5;77.9;0.0
2022;10;30;23.2;4;75.2;0.0
2022;10;31;23.6;4;74.5;0.0
2022;11;01;23;5.2;75.3;0.0
2022;11;02;21.5;4.9;76.3;0.0
2022;11;03;23.4;4;73.9;0.0
2022;11;04;22.8;4.8;75.4;0.0
2022;11;05;24;5;74.4;0.0
2022;11;06;21.2;5.6;75.5;0.0
2022;11;07;23;5.8;74.6;0.0
2022;11;08;22.8;7;73.0;1.5
2022;11;09;22.2;5.5;73.6;0.5
2022;11;10;20.4;6.4;80.2;0.0
2022;11;11;22.8;6;76.8;0.0
2022;11;12;23.5;4.2;75.9;0.0
2022;11;13;23.6;4.2;76.1;0.0
2022;11;14;22.8;4.6;78.6;0.0
2022;11;15;21.8;5;76.1;0.0
2022;11;16;22.7;4.9;77.7;0.0
2022;11;17;20.4;5.3;77.5;0.0
2022;11;18;22;6;77.6;0.0
2022;11;19;21.9;6.2;76.9;0.0
2022;11;20;23.2;6.3;75.6;0.0
2022;11;21;21.7;6.6;78.2;0.0
2022;11;22;22.6;7;77.9;0.0
2022;11;23;23;7.4;75.9;0.0
2022;11;24;23.5;7.2;75.6;2.6
2022;11;25;21.7;5;76.9;0.0
2022;11;26;23.3;5.8;75.8;0.0
2022;11;27;21.8;5.5;76.0;0.0
2022;11;28;23;6;74.9;0.0
2022;11;29;21.6;6.7;74.1;0.0
2022;11;30;22.5;7;74.1;0.0
2022;12;01;23.4;7;76.7;0.0
2022;12;02;20.5;6.8;80.4;1.2
2022;12;03;21.7;4.4;75.2;0.0
2022;12;04;23.4;3.2;72.2;0.0
2022;12;05;24;2;75.5;0.0
2022;12;06;21;5;74.8;0.0
2022;12;07;22.2;5.8;75.4;0.0
2022;12;08;21.8;6;75.2;0.0
2022;12;09;20.6;6.6;76.3;0.8
2022;12;10;20.4;5.5;74.2;1.5
2022;12;11;20.6;6;79.2;15.4
2022;12;12;19;6.5;78.8;18.8
2022;12;13;19.4;7;79.1;1.2
2022;12;14;20;7.2;77.7;0.0
2022;12;15;19.6;7.5;79.8;0.0
2022;12;16;20;7;78.4;17.8
2022;12;17;19.6;7.6;78.7;0.0
2022;12;18;18.8;6.9;82.4;1.4
2022;12;19;21.4;7.3;75.8;0.0
2022;12;20;20.5;6.8;78.6;3.6
2022;12;21;20.2;7.6;77.1;6.8
2022;12;22;19.2;6.5;82.8;16.4
2022;12;23;19.5;9;82.3;4.2
2022;12;24;21.3;7.8;80.1;0.0
2022;12;25;20.5;10;81.7;1.0
2022;12;26;19.5;7.3;83.6;15.2
2022;12;27;20.3;7.4;75.4;0.0
2022;12;28;21.6;6.3;77.1;0.0
2022;12;29;20;6;80.9;8.6
2022;12;30;18.8;9.6;81.9;8.0
2022;12;31;19;9;83.0;2.5
2023;01;01;18.5;9.2;85.2;2.2
2023;01;02;20;7;82.4;0.0
2023;01;03;21.2;5.8;78.7;0.0
2023;01;04;18.3;6;79.7;0.0
2023;01;05;17.5;7;84.1;0.0
2023;01;06;17.2;6.6;81.4;0.0
2023;01;07;20.3;4.4;79.5;0.0
2023;01;08;21.5;5.8;75.3;0.0
2023;01;09;20.8;8;75.0;4.0
2023;01;10;18.8;7.7;83.9;9.5
2023;01;11;17.4;7.8;87.1;17.2
2023;01;12;18.6;7.4;85.0;29.6
2023;01;13;20.2;6.8;82.0;0.0
2023;01;14;18.2;7;84.0;2.6
2023;01;15;17;7.2;86.7;0.0
2023;01;16;18.8;7.8;87.4;10.0
2023;01;17;20.5;6.8;82.5;0.0
2023;01;18;18;6;83.7;7.4
2023;01;19;19;7.3;84.3;17.2
2023;01;20;17.2;7.8;85.7;2.2
2023;01;21;18.4;9;87.3;18.2
2023;01;22;18.6;8.2;84.4;7.6
2023;01;23;19;8;82.0;6.0
2023;01;24;19.5;7;86.6;12.4
2023;01;25;18;10;84.8;9.4
2023;01;26;19.2;9.8;85.9;11.2
2023;01;27;21.4;9;84.6;3.2
2023;01;28;20;9.9;80.1;0.0
2023;01;29;21.7;10;79.4;0.0
2023;01;30;23.2;9;77.3;0.0
2023;01;31;23.6;8.8;77.1;0.0
2023;02;01;15.8;8.6;86.4;0.0
2023;02;02;17;9.7;83.6;1.2
2023;02;03;20.4;9.8;85.2;19.6
2023;02;04;20;10;81.2;6.4
2023;02;05;21.8;10.2;74.2;0.0
2023;02;06;19.9;7.5;84.6;2.5
2023;02;07;22;7.2;80.0;6.4
2023;02;08;21.7;9.2;80.4;0.0
2023;02;09;20.9;10;83.7;9.6
2023;02;10;20.5;10.2;83.0;7.4
2023;02;11;20;10.1;82.7;3.2
2023;02;12;20.8;9.9;84.9;7.7
2023;02;13;19.6;9.8;81.5;11.6
2023;02;14;19.1;9.9;84.4;24.0
2023;02;15;19.5;10.2;87.3;24.7
2023;02;16;19.2;9.4;85.3;2.2
2023;02;17;19.5;9;84.3;4.3
2023;02;18;21;8.9;82.0;0.7
2023;02;19;21.3;9.1;79.3;5.4
2023;02;20;21;9;81.0;0.0
2023;02;21;21.3;9.1;79.2;0.0
2023;02;22;21;8.8;81.4;11.4
2023;02;23;20.7;9.2;81.4;14.9
2023;02;24;21.5;9;83.6;13.0
2023;02;25;20;7;85.5;8.0
2023;02;26;21.4;7;84.0;10.9
2023;02;27;21.8;8.3;85.7;2.0
2023;02;28;22;10;82.5;0.0
2023;03;01;0.0;8.6;83.6;0.0
2023;03;01;0.0;8.6;83.6;4.8
2023;03;02;0.0;7.2;87.4;18.2
2023;03;03;0.0;8;84.7;2.4
2023;03;04;0.0;8;83.6;0.0
2023;03;05;0.0;7.7;81.6;18.7
2023;03;06;0.0;9;82.8;15.5
2023;03;07;0.0;9.9;85.2;14.1
2023;03;08;0.0;8;91.9;7.2
2023;03;09;0.0;10.2;92.1;17.8
2023;03;10;0.0;10;90.7;9.6
2023;03;11;0.0;9.8;85.3;13.2
2023;03;12;0.0;9.9;88.1;16.2
2023;03;13;0.0;9;85.5;55.0
2023;03;14;0.0;8;85.8;4.8
2023;03;15;0.0;8.8;86.9;7.0
2023;03;16;0.0;9;85.5;6.6
2023;03;17;19.8;6;84.8;3.0
2023;03;18;21.4;6.2;82.5;3.8
2023;03;19;19.9;8.8;84.2;0.5
2023;03;20;19;6.2;84.1;0.0
2023;03;21;20.2;5.8;80.8;0.0
2023;03;22;20;5;81.0;0.0
2023;03;23;20.9;4.2;80.3;0.0
2023;03;24;21.3;7;78.8;0.0
2023;03;25;17.2;9;87.2;0.6
2023;03;26;19.9;8.8;81.2;5.4
2023;03;27;21.5;8.6;82.1;6.5
2023;03;28;20.4;7.4;83.4;6.8
2023;03;29;19.5;8;84.6;13.7
2023;03;30;18;7.5;90.6;17.6
2023;03;31;21;7.4;85.0;0.9
2023;04;01;21.6;9.2;80.5;0.0
2023;04;02;19.5;8.8;81.5;4.5
2023;04;03;19.8;7.3;83.6;3.8
2023;04;04;20.2;8;81.4;9.5
2023;04;05;19.9;8;82.6;7.2
2023;04;06;19.5;7.4;85.2;3.4
2023;04;07;18.8;9.8;86.4;1.8
2023;04;08;19.2;8.6;87.0;26.2
2023;04;09;19.8;7.8;82.7;10.4
2023;04;10;18.9;6.9;85.2;1.7
2023;04;11;19.2;7.8;85.5;4.4
2023;04;12;19.8;7.3;83.6;6.2
2023;04;13;21.4;7;82.8;0.0
2023;04;14;21.2;7.2;81.4;21.4
2023;04;15;20;7.7;81.0;4.8
2023;04;16;20.6;7.1;79.8;9.0
2023;04;17;20.5;7;81.7;10.0
2023;04;18;20;7;79.1;0.0
2023;04;19;20.8;6.9;79.3;2.6
2023;04;20;20.7;7;78.1;15.5
2023;04;21;20.2;6.9;81.1;4.2
2023;04;22;20.4;6.8;84.4;0.5
2023;04;23;19;7;88.1;0.0
2023;04;24;20.6;7.8;86.0;0.0
2023;04;25;20.2;8.3;84.3;0.1
2023;04;26;19;8;86.4;0.0
2023;04;27;20.8;6.3;85.0;2.4
2023;04;28;21.3;9.5;82.0;0.0
2023;04;29;22.2;6.8;80.5;4.7
2023;04;30;22.6;6.9;80.7;0.0
2023;05;01;21.5;6.6;84.0;8.8
2023;05;02;23.4;6.2;72.9;0.0
2023;05;03;20.2;7;84.2;0.0
2023;05;04;21.8;7.2;81.3;0.0
2023;05;05;22.5;6.7;79.8;0.0
2023;05;06;23;7.5;79.3;0.0
2023;05;07;21.5;8;82.1;2.0
2023;05;08;21.9;9.9;81.4;1.2
2023;05;09;18.6;8.8;89.0;15.4
2023;05;10;22.2;9;83.2;10.0
2023;05;11;22.4;7.9;81.2;0.0
2023;05;12;20.7;8.6;84.8;0.0
2023;05;13;23;9;81.5;0.0
2023;05;14;22.8;9.2;77.6;0.0
2023;05;15;23.5;7.7;78.5;0.0
2023;05;16;23.6;7;79.2;0.0
2023;05;17;23.8;6.6;80.7;0.0
2023;05;18;23.3;6.8;79.0;0.0
2023;05;19;22.2;7.5;78.5;0.0
2023;05;20;20.8;7.2;82.1;0.0
2023;05;21;22.6;7.5;78.4;0.0
2023;05;22;23.2;6;79.4;0.0
2023;05;23;22.6;7;77.6;0.0
2023;05;24;22.7;8;79.6;2.8
2023;05;25;22.8;8.2;79.5;1.6
2023;05;26;22.9;8;78.5;0.0
2023;05;27;22.7;7.8;77.7;1.9
2023;05;28;22.5;8;75.7;6.3
2023;05;29;20.7;7.3;80.8;0.0
2023;05;30;20.5;8.2;79.9;1.2
2023;05;31;21.6;7.8;78.0;0.0
2023;06;01;23.2;4.3;75.7;0.0
2023;06;02;23.5;5;76.2;0.0
2023;06;03;23.7;5;73.3;0.0
2023;06;04;23.8;5.2;72.1;0.0
2023;06;05;23.6;5;72.3;0.0
2023;06;06;23.4;5;74.1;5.4
2023;06;07;21.8;5.4;78.0;0.0
2023;06;08;21.5;6.2;83.7;2.0
2023;06;09;22;6;82.9;0.0
2023;06;10;22.6;6.9;77.0;0.0
2023;06;11;22.3;7;77.8;0.0
2023;06;12;24;7.2;77.9;0.0
2023;06;13;23;7.5;77.2;0.0
2023;06;14;21.8;7.2;85.3;1.8
2023;06;15;22.5;8.5;75.4;0.0
2023;06;16;21.8;6;81.5;0.0
2023;06;17;22.8;6.8;75.0;0.0
2023;06;18;23.4;5;78.2;0.0
2023;06;19;23.9;6;77.5;0.0
2023;06;20;23.7;5.6;78.5;0.0
2023;06;21;23;4.7;80.6;0.0
2023;06;22;23.6;6.1;77.7;0.0
2023;06;23;23.4;6;77.2;0.0
2023;06;24;22.5;5.8;77.6;0.0
2023;06;25;23;6;75.1;0.0
2023;06;26;22.8;6.5;75.2;0.0
2023;06;27;22.9;4.9;77.6;0.0
2023;06;28;23.8;4.6;72.9;0.0
2023;06;29;23.4;6.8;74.6;0.0
2023;06;30;23.5;6.6;79.3;0.0
2023;07;01;22.8;5;76.0;0.0
2023;07;02;23.5;5.2;73.7;0.0
2023;07;03;23.2;4.5;75.6;0.0
2023;07;04;23;4.3;76.8;0.0
2023;07;05;23.7;4.6;74.8;0.0
2023;07;06;23;4.9;75.6;0.0
2023;07;07;22.8;5;74.7;0.0
2023;07;08;22.2;4.4;80.5;0.0
2023;07;09;21;6;80.3;1.2
2023;07;10;21.8;5.8;81.8;0.0
2023;07;11;21.5;6.2;80.1;0.0
2023;07;12;22.6;5.5;77.9;0.0
2023;07;13;23.6;5.4;74.0;0.0
2023;07;14;23;5.9;77.6;0.0
2023;07;15;20.4;5.8;78.1;0.0
2023;07;16;22.6;5.2;75.6;0.0
2023;07;17;21.5;5.5;77.2;0.0
2023;07;18;23.8;6;79.3;0.0
2023;07;19;22.2;7.3;81.2;0.0
2023;07;20;21.8;7.2;74.3;0.0
2023;07;21;24.2;6.8;75.5;0.0
2023;07;22;23.4;5.2;76.4;0.0
2023;07;23;24.2;5;71.5;0.0
2023;07;24;23.8;4.8;71.4;0.0
2023;07;25;22.9;5.3;71.8;0.0
2023;07;26;22.8;5.6;74.6;0.0
2023;07;27;24;5;75.6;0.0
2023;07;28;23.5;5.5;74.9;0.0
2023;07;29;22.8;7;74.8;0.0
2023;07;30;20.7;6.8;81.3;7.2
2023;07;31;23.4;4.4;77.9;0.0
2023;08;01;23.7;4.8;70.5;0.0
2023;08;02;24.4;5.1;68.2;0.0
2023;08;03;24.6;5;73.2;0.0
2023;08;04;24;5.3;67.1;0.0
2023;08;05;23.7;6.2;69.9;0.0
2023;08;06;23;6.5;71.0;0.0
2023;08;07;23.8;7;70.2;0.0
2023;08;08;22.9;7.5;76.3;0.0
2023;08;09;22.6;6.9;73.2;0.0
2023;08;10;23.2;6.4;77.3;0.0
2023;08;11;24.3;7;73.0;0.0
2023;08;12;24.2;7.3;73.1;0.0
2023;08;13;21.6;6.8;74.3;2.6
2023;08;14;18.4;7.1;85.9;13.2
2023;08;15;21.2;6.9;80.4;19.0
2023;08;16;23.7;6;72.1;0.0
2023;08;17;23.4;7.5;70.9;0.0
2023;08;18;21.7;6.6;74.9;0.0
2023;08;19;23.4;6.3;74.4;0.0
2023;08;20;22.2;5;75.3;0.0
2023;08;21;24;5;67.5;0.0
2023;08;22;24.2;5.8;68.7;0.0
2023;08;23;22.5;6.6;71.9;0.0
2023;08;24;23;4.9;72.4;0.0
2023;08;25;22;5.6;71.5;0.0
2023;08;26;22.3;6.2;74.1;0.0
2023;08;27;22;6.7;75.5;0.0
2023;08;28;22.4;6.3;76.6;0.0
2023;08;29;23.4;6.5;77.1;1.5
2023;08;30;25.6;7;70.8;0.0
2023;08;31;24;8;72.5;0.0
2023;09;01;23.7;8.3;73.5;0.0
2023;09;02;20;8.5;79.5;0.0
2023;09;03;22.5;8.6;80.1;3.9
2023;09;04;20.6;7.7;82.6;0.0
2023;09;05;21.5;8;78.4;0.0
2023;09;06;23;6.6;74.2;0.0
2023;09;07;23.2;6;73.9;0.0
2023;09;08;23.5;7.1;73.3;0.0
2023;09;09;24;7.3;67.7;0.0
2023;09;10;25;6.8;69.3;0.0
2023;09;11;25;7.2;68.7;0.0
2023;09;12;24;7;76.8;2.8
2023;09;13;23;8;75.2;0.0
2023;09;14;23.6;7.5;75.6;0.0
2023;09;15;22.8;8;71.2;0.0
2023;09;16;21.6;8.6;75.0;6.8
2023;09;17;19.8;7.5;77.2;1.5
2023;09;18;20;7.4;83.7;9.8
2023;09;19;23.2;7.6;76.2;0.4
2023;09;20;22.4;7.4;77.5;2.2
2023;09;21;23;7.7;76.5;0.0
2023;09;22;23.8;6.8;74.4;0.0
2023;09;23;22.7;6.2;71.8;0.0
2023;09;24;23.2;6;73.3;0.0
2023;09;25;24.5;8.2;73.4;0.0
2023;09;26;23.3;7.2;76.8;0.5
2023;09;27;22.5;8.9;79.6;0.6
2023;09;28;24.4;9.4;81.0;6.0
2023;09;29;23;9.7;75.4;3.4
2023;09;30;20.8;9.2;82.6;0.0
2023;10;01;21;8.2;80.3;0.0
2023;10;02;23;7.9;79.1;0.0
2023;10;03;19.9;9.3;92.6;28.6
2023;10;04;19.8;9.7;88.4;6.0
2023;10;05;20;8.6;89.5;8.3
2023;10;06;22;9.9;85.4;1.5
2023;10;07;20.2;9.2;85.5;1.0
2023;10;08;21.6;9;79.0;0.0
2023;10;09;21.8;9.6;81.1;20.2
2023;10;10;20.4;9.7;81.3;0.0
2023;10;11;20.7;9;82.4;0.0
2023;10;12;21.5;8.6;81.8;0.0
2023;10;13;21.2;8;79.0;0.0
2023;10;14;20.6;8;79.6;14.8
2023;10;15;21.3;8;78.5;3.8
2023;10;16;21.8;8.2;79.3;0.0
2023;10;17;21.3;9.2;79.3;8.4
2023;10;18;18.6;8.9;84.9;0.4
2023;10;19;22.4;8;80.0;0.0
2023;10;20;20.8;8.5;79.1;3.2
2023;10;21;20.7;8.4;81.5;0.0
2023;10;22;21.6;8;81.6;0.0
2023;10;23;21.2;7.7;81.2;5.4
2023;10;24;20.8;7.5;84.1;5.2
2023;10;25;19.4;11;89.2;8.0
2023;10;26;18.6;10.9;84.8;12.8
2023;10;27;18.6;10;91.8;5.0
2023;10;28;18.8;9.6;91.0;2.0
2023;10;29;20.8;9;83.6;0.0
2023;10;30;20;7.6;83.6;0.0
2023;10;31;17.8;8.5;85.4;0.0
2023;11;01;20.8;9.5;81.4;0.0
2023;11;02;20.6;8;80.2;0.0
2023;11;03;22.2;7.7;78.6;0.0
2023;11;04;20.8;7.4;80.3;0.0
2023;11;05;18.8;6;72.7;4.8
2023;11;06;20.9;5.8;79.9;0.0
2023;11;07;20.5;5.6;77.7;0.0
2023;11;08;22.2;6.2;75.4;0.0
2023;11;09;21.5;7;81.1;0.0
2023;11;10;22.6;6.8;77.6;0.0
2023;11;11;20.7;6;79.0;0.0
2023;11;12;20.8;8.2;75.7;21.0
2023;11;13;21.4;10.2;81.5;6.2
2023;11;14;22.4;9.5;77.8;14.1
2023;11;15;20.2;9.5;84.5;12.0
2023;11;16;20;10;86.8;0.5
2023;11;17;19;10.6;87.0;9.5
2023;11;18;22.2;10.2;80.3;22.0
2023;11;19;21;7.7;82.3;5.4
2023;11;20;20.5;7.4;82.6;0.0
2023;11;21;20.4;7;78.1;0.0
2023;11;22;22;6;76.8;0.0
2023;11;23;18.9;4.7;74.8;0.0
2023;11;24;22.3;6.3;73.8;0.0
2023;11;25;22;6.5;80.2;0.0
2023;11;26;19.4;5.6;78.4;0.0
2023;11;27;21.6;8.8;80.9;0.0
2023;11;28;22.2;8;81.2;20.6
2023;11;29;20.5;8.6;80.5;2.8
2023;11;30;19.9;9;81.8;6.0
2023;12;01;19.2;8;78.5;12.0
2023;12;02;20;8.5;87.0;0.5
2023;12;03;19.4;9.8;81.7;0.0
2023;12;04;22.2;9.5;78.4;12.8
2023;12;05;21.4;10.7;83.4;22.2
2023;12;06;18.2;11;90.4;13.8
2023;12;07;18.6;10.4;88.7;12.4
2023;12;08;20;9.8;87.4;0.5
2023;12;09;21.5;9.4;82.3;14.2
2023;12;10;19.8;8.8;85.2;2.2
2023;12;11;24;9.3;81.9;1.4
2023;12;12;21;9.4;78.9;0.6
2023;12;13;22.8;10.2;79.6;0.0
2023;12;14;18.8;9.9;88.4;7.4
2023;12;15;19;10.5;86.2;14.5
2023;12;16;19.6;11;84.4;27.0
2023;12;17;20.8;11.2;82.4;1.2
2023;12;18;21.6;11.4;82.9;1.0
2023;12;19;22;11;80.2;5.0
2023;12;20;21.3;10.4;82.2;0.0
2023;12;21;22.2;9.4;80.8;36.0
2023;12;22;20.6;9.2;82.6;5.0
2023;12;23;20.2;9.6;89.2;14.6
2023;12;24;21.6;10.3;81.7;4.2
2023;12;25;22.5;10;78.9;14.2
2023;12;26;20.3;9.5;85.3;3.6
2023;12;27;19;10.1;87.2;0.6
2023;12;28;19;10.8;91.6;7.5
2023;12;29;16;11.2;93.1;9.9
2023;12;30;18;11;92.7;12.4
2023;12;31;19.5;11.1;88.1;0.0
2024;01;01;20.6;10.6;85.4;0.8
2024;01;02;20.6;9.5;84.7;0.0
2024;01;03;19.4;9;83.9;0.0
2024;01;04;18.2;8.7;84.0;3.4
2024;01;05;20.5;9.9;80.1;0.0
2024;01;06;23.2;9;75.7;0.0
2024;01;07;22;8.8;74.7;0.0
2024;01;08;23.2;8.2;78.4;0.0
2024;01;09;21;9;78.3;2.5
2024;01;10;20.4;11.4;82.2;16.4
2024;01;11;20.7;10.4;83.7;2.2
2024;01;12;20;10.6;83.3;6.0
2024;01;13;20.8;10;84.8;7.4
2024;01;14;20.2;9.8;82.4;8.0
2024;01;15;21.4;10;83.0;0.0
2024;01;16;20.4;10.8;82.8;0.6
2024;01;17;21;8.8;88.2;6.8
2024;01;18;21;11.5;87.1;8.6
2024;01;19;21.6;10.4;85.6;4.4
2024;01;20;21.4;11.7;83.3;12.5
2024;01;21;21.5;9.8;81.2;9.0
2024;01;22;21;10;76.7;0.0
2024;01;23;22.3;9;78.2;8.2
2024;01;24;22.8;9.5;82.2;2.0
2024;01;25;22.2;10;81.1;1.0
2024;01;26;23.4;9;80.2;0.0
2024;01;27;20;9.6;84.3;5.2
2024;01;28;21.8;10;81.6;0.0
2024;01;29;22.5;9.2;80.8;0.0
2024;01;30;22.8;9.8;80.8;11.4
2024;01;31;23.6;10;78.8;0.0
2024;02;01;22.3;9.9;79.5;1.4
2024;02;02;21.2;10;80.7;12.2
2024;02;03;20.6;10.1;80.1;11.4
2024;02;04;21.8;9.9;80.5;14.0
2024;02;05;22;10.4;80.0;0.0
2024;02;06;20.6;9.5;79.3;6.0
2024;02;07;22.8;9;81.3;0.8
2024;02;08;23.5;10.4;85.8;3.8
2024;02;09;23;8.8;77.9;8.0
2024;02;10;20.6;9;88.8;2.4
2024;02;11;20.9;9.4;83.7;14.2
2024;02;12;19.6;10;87.2;0.0
2024;02;13;18.8;11;87.4;16.6
2024;02;14;21;9.2;86.4;0.4
2024;02;15;22;10.2;84.4;0.0
2024;02;16;21.3;10.7;84.0;3.6
2024;02;17;20.5;10.4;82.6;0.0
2024;02;18;21.8;8.8;82.1;1.8
2024;02;19;22;10.5;82.8;0.0
2024;02;20;21.6;8.4;81.2;0.0
2024;02;21;19.5;7.2;81.6;0.0
2024;02;22;21.2;6.3;76.4;0.0
2024;02;23;21.8;3.8;83.1;0.0
2024;02;24;22.7;4.4;75.9;0.0
2024;02;25;22;7.8;76.7;1.2
2024;02;26;18.2;8.6;87.2;0.0
2024;02;27;20.2;8.2;86.5;2.0
2024;02;28;23;9.2;85.0;4.6
2024;02;29;20.8;11.2;82.3;14.0
2024;03;01;21.5;10.5;81.5;0.0
2024;03;02;20.6;9.2;80.7;8.2
2024;03;03;19;10;86.8;6.4
2024;03;04;19.8;10.8;85.8;4.0
2024;03;05;21.5;10;80.3;5.0
2024;03;06;21.2;11.4;83.1;0.0
2024;03;07;22;10.8;82.9;4.8
2024;03;08;20;9.9;89.0;17.6
2024;03;09;21.6;9.5;84.8;0.0
2024;03;10;21.8;9.2;84.0;4.2
2024;03;11;21.3;10.6;85.5;3.0
2024;03;12;21.9;10.4;85.5;0.0
2024;03;13;21;10;87.0;1.0
2024;03;14;22.6;8.3;82.1;0.0
2024;03;15;22.3;8.2;80.9;0.0
2024;03;16;22.8;8.8;82.6;2.6
2024;03;17;23.9;9.2;76.5;15.2
2024;03;18;22.5;8.8;80.9;8.9
2024;03;19;19.5;11.8;86.7;9.6
2024;03;20;20.9;10.2;83.5;0.0
2024;03;21;20.2;11.7;87.7;17.3
2024;03;22;21;9.9;85.9;0.8
2024;03;23;20.3;10.2;86.3;1.6
2024;03;24;20.5;10;89.6;0.0
2024;03;25;21.7;11.8;84.7;0.0
2024;03;26;19.3;11;86.2;0.0
2024;03;27;20;7.7;80.8;0.0
2024;03;28;22.8;7.4;76.6;0.0
2024;03;29;23.9;6.2;74.3;0.0
2024;03;30;24;6.5;72.5;0.0
2024;03;31;21.4;6;77.1;0.0
2024;04;01;18.7;7.5;85.1;0.5
2024;04;02;17.6;9.4;87.6;25.5
2024;04;03;19.4;9.2;87.8;12.4
2024;04;04;21;10;86.3;9.4
2024;04;05;18.8;9.9;89.3;2.0
2024;04;06;20.8;9.5;86.5;2.8
2024;04;07;20.4;9.2;84.4;4.5
2024;04;08;19.2;12;92.3;8.5
2024;04;09;19;10.4;87.9;3.9
2024;04;10;20;9.2;86.4;8.5
2024;04;11;20.8;9.3;84.7;5.0
2024;04;12;22.1;9.5;84.2;11.5
2024;04;13;21.6;9.7;83.0;1.0
2024;04;14;22;8;77.8;0.0
2024;04;15;22.5;8.4;78.3;0.0
2024;04;16;22.8;9.2;81.1;0.0
2024;04;17;22.8;8.1;79.3;2.4
2024;04;18;22.2;8;78.3;0.0
2024;04;19;22.5;9;78.6;0.0
2024;04;20;20.8;8.4;80.4;0.0
2024;04;21;19.3;8;84.2;1.2
2024;04;22;19;9;88.2;0.0
2024;04;23;18.4;8.8;83.9;1.6
2024;04;24;20;9;82.8;2.2
2024;04;25;20.5;7.6;81.0;0.0
2024;04;26;21.4;7;81.9;0.0
2024;04;27;21.8;7.3;82.1;3.4
2024;04;28;20.8;7.5;82.1;9.8
2024;04;29;21;7.8;83.8;0.4
2024;04;30;20.8;9.4;87.0;6.8
2024;05;01;21.2;7.8;83.2;0.0
2024;05;02;23.8;8.6;84.0;23.6
2024;05;03;21.5;10.4;87.6;10.9
2024;05;04;19.2;9.7;87.4;0.0
2024;05;05;20.3;9.4;87.0;0.0
2024;05;06;21.7;8.8;83.8;0.0
2024;05;07;20;9.7;90.5;5.7
2024;05;08;21.5;8;81.5;0.0
2024;05;09;20.8;9.4;82.3;0.0
2024;05;10;21.8;10;83.4;0.0
2024;05;11;22;7.8;81.8;0.0
2024;05;12;23.2;7.5;80.3;0.0
2024;05;13;22;8.3;80.7;0.0
2024;05;14;20.2;8;81.8;0.0
2024;05;15;21;8.8;82.1;12.4
2024;05;16;19;8;84.2;5.0
2024;05;17;21;8.4;84.1;11.5
2024;05;18;21.4;8.2;83.1;3.2
2024;05;19;22.6;7.8;80.5;0.8
2024;05;20;24.4;8;77.2;0.0
2024;05;21;23.8;8;75.1;0.0
2024;05;22;24.4;7;76.0;0.0
2024;05;23;23.2;6.6;75.0;0.0
2024;05;24;22.8;6;75.3;0.0
2024;05;25;22;6.2;77.5;0.0
2024;05;26;22.8;7;79.3;0.0
2024;05;27;23;7.3;77.7;6.4
2024;05;28;23.4;7.5;76.3;0.0
2024;05;29;23.5;6.4;69.9;0.0
2024;05;30;23.8;5.2;69.6;0.0
2024;05;31;24.6;6;68.0;0.0
2024;06;01;25.2;5.8;68.2;0.0
2024;06;02;23.4;5.2;65.9;0.0
2024;06;03;24.8;5.5;69.1;0.0
2024;06;04;24.6;4.8;71.0;0.0
2024;06;05;25;5;72.0;0.0
2024;06;06;24.4;5.8;72.5;0.0
2024;06;07;24.6;6.2;73.0;0.0
2024;06;08;24.2;6;72.9;0.0
2024;06;09;21.8;6.6;77.2;0.6
2024;06;10;21.2;7;77.5;0.5
2024;06;11;21;7.4;75.4;0.0
2024;06;12;21.8;7.3;75.3;0.0
2024;06;13;19.2;6.2;81.7;0.0
2024;06;14;20.8;6;78.7;0.0
2024;06;15;20.6;7;80.7;0.0
2024;06;16;18.4;6.8;84.2;0.0
2024;06;17;20;7.2;80.0;0.0
2024;06;18;21.6;7.6;74.2;0.0
2024;06;19;22;6.6;75.6;0.0
2024;06;20;20;7.2;73.4;0.0
2024;06;21;17.4;9.8;81.6;2.6
2024;06;22;17.6;10;80.5;1.8
2024;06;23;21;9.9;76.3;0.0
2024;06;24;23;6;71.6;0.0
2024;06;25;23.2;7.2;73.7;0.0
2024;06;26;22.6;7;73.6;0.0
2024;06;27;23.5;7.4;71.9;0.0
2024;06;28;23.5;6.2;66.4;0.0
2024;06;29;23;6;69.7;0.0
2024;06;30;20.6;8;70.1;0.0
2024;07;01;21.8;7.2;76.4;10.8
2024;07;02;20.3;8.8;80.6;0.0
2024;07;03;21.8;5.2;78.4;0.0
2024;07;04;22.2;4;79.4;0.0
2024;07;05;24.2;5;81.3;0.0
2024;07;06;23;5.6;79.8;0.0
2024;07;07;23.5;5.7;79.6;0.0
2024;07;08;23.2;5.8;75.3;0.0
2024;07;09;23.7;5.7;75.5;0.0
2024;07;10;23.5;6.4;72.1;0.0
2024;07;11;22.9;5;79.6;0.0
2024;07;12;22.2;4.5;83.3;5.6
2024;07;13;21.8;7.2;78.8;0.0
2024;07;14;25;6.9;75.1;0.0
2024;07;15;24.4;5;78.7;0.0
2024;07;16;25;4.4;79.2;0.0
2024;07;17;24.8;3.5;80.0;0.0
2024;07;18;24.5;2;80.1;0.0
2024;07;19;23.6;3.2;80.5;0.0
2024;07;20;23.9;4.9;78.6;0.0
2024;07;21;23.8;5.4;77.9;0.0
2024;07;22;23.7;6;78.9;0.0
2024;07;23;23;6.5;80.0;0.0
2024;07;24;22.6;5.2;80.6;0.0
2024;07;25;21.5;9.2;84.1;0.0
2024;07;26;24.5;5.3;80.4;0.0
2024;07;27;25;5.2;78.2;0.0
2024;07;28;23.6;5.8;78.8;0.0
2024;07;29;24;6.2;77.1;0.0
2024;07;30;23.7;7;77.7;0.0
2024;07;31;23.5;7.4;81.7;0.0
2024;08;01;23.6;5.3;79.5;0.0
2024;08;02;23.4;4.9;79.4;0.0
2024;08;03;22.8;5.4;83.2;0.0
2024;08;04;22;6;82.4;0.0
2024;08;05;21.8;6.3;81.1;0.0
2024;08;06;21;5.8;82.8;0.0
2024;08;07;22.7;4.5;80.7;0.0
2024;08;08;23.9;5.2;81.5;0.0
2024;08;09;23;5.3;81.4;0.0
2024;08;10;22;5;79.9;0.0
2024;08;11;21.7;6.5;81.0;0.0
2024;08;12;23.4;6.3;75.6;0.0
2024;08;13;23.6;6.6;77.4;0.0
2024;08;14;24;4;76.8;0.0
2024;08;15;24;4.4;78.1;0.0
2024;08;16;24.2;6.3;76.2;0.0
2024;08;17;22.8;6.2;80.5;0.0
2024;08;18;23;6.6;82.6;0.0
2024;08;19;23.6;6.9;82.8;0.0
2024;08;20;22.3;6.7;82.0;0.0
2024;08;21;24.5;6.3;80.2;0.0
2024;08;22;24;7.2;79.2;0.0
2024;08;23;23;7;81.2;0.0
2024;08;24;22;7.5;81.8;0.0
2024;08;25;20.5;6.4;86.4;0.0
2024;08;26;21;7.5;80.6;0.6
2024;08;27;22;7.7;82.7;0.0
2024;08;28;23;7.2;67.3;0.0
2024;08;29;24.4;6.2;71.3;0.0
2024;08;30;23.8;6.6;78.4;0.0
2024;08;31;23.2;6.2;74.8;0.0
2024;09;01;23.4;6.8;80.0;0.0
2024;09;02;21.6;7.2;84.9;0.0
2024;09;03;23;4.6;77.6;0.0
2024;09;04;24.7;5;78.1;0.0
2024;09;05;25;7;76.9;0.0
2024;09;06;25;8.8;75.8;0.0
2024;09;07;24.2;6.2;77.9;0.0
2024;09;08;24.8;6.5;74.1;0.0
2024;09;09;24.2;7.7;77.1;0.0
2024;09;10;26.4;7.5;71.8;0.0
2024;09;11;26.4;5;70.7;0.0
2024;09;12;25.6;6.7;77.4;0.0
2024;09;13;26.4;6.5;77.7;0.0
2024;09;14;25;7.2;72.0;0.0
2024;09;15;24.9;7.4;77.0;0.0
2024;09;16;25.4;6.9;75.0;0.0
2024;09;17;25;8.3;68.6;0.0
2024;09;18;25.2;7.7;76.0;0.0
2024;09;19;24.8;8;75.4;0.0
2024;09;20;23.6;6.6;79.7;0.0
2024;09;21;22.4;6;80.9;0.0
2024;09;22;23.2;8.8;79.0;0.0
2024;09;23;25.4;6.4;77.6;0.0
2024;09;24;24.4;6.6;74.5;0.0
2024;09;25;23.1;6.8;75.1;0.0
2024;09;26;24.6;8.4;71.7;4.2
2024;09;27;21.5;8.7;87.1;9.4
2024;09;28;17.2;10;93.6;10.6
2024;09;29;19.2;8.3;87.7;2.2
2024;09;30;19;8;84.0;0.0
2024;10;01;22.7;7.8;77.5;0.0
2024;10;02;22.8;7.4;83.9;4.0
2024;10;03;21;8.6;86.7;1.8
2024;10;04;23.7;9.3;77.8;9.4
2024;10;05;22.3;8.5;84.4;7.0
2024;10;06;22.9;6.5;75.7;0.0
2024;10;07;23.2;6.7;75.4;0.0
2024;10;08;20.7;6.6;80.2;0.0
2024;10;09;21.7;9;81.3;0.0
2024;10;10;22.1;7.8;80.0;1.4
2024;10;11;21.8;7.4;86.1;7.8
2024;10;12;20.7;8.3;87.6;4.0
2024;10;13;24.3;8.4;77.6;0.0
2024;10;14;23;10.6;74.9;0.0
2024;10;15;21.8;7.8;78.5;0.0
2024;10;16;24.6;7;81.0;16.8
2024;10;17;20.6;7.8;82.2;2.7
2024;10;18;23.6;8.4;80.1;0.0
2024;10;19;23.5;7.5;77.1;0.0
2024;10;20;23.8;7;76.0;0.0
2024;10;21;21.5;5.5;73.7;0.0
2024;10;22;22;6.4;79.6;0.0
2024;10;23;21.2;6.6;78.8;0.0
2024;10;24;22;8;79.4;0.0
2024;10;25;26;7.2;74.4;0.0
2024;10;26;25.4;8;78.9;1.0
2024;10;27;22.2;10.4;77.9;0.0
2024;10;28;22;10.3;83.1;0.0
2024;10;29;21.9;7.3;82.4;0.0
2024;10;30;23.6;8.8;82.0;0.0
2024;10;31;25.3;8;80.4;0.0
2024;11;01;23;6.5;80.3;0.0
2024;11;02;21.8;7.4;81.4;1.2
2024;11;03;21.2;7.2;83.2;1.5
2024;11;04;21.8;7.9;85.5;1.8
2024;11;05;21.8;8.6;78.9;0.0
2024;11;06;22;9;83.6;7.4
2024;11;07;23.2;7.4;77.7;0.0
2024;11;08;24.4;5.9;77.6;0.0
2024;11;09;20.7;7;78.1;0.0
2024;11;10;23.6;6.8;74.8;0.0
2024;11;11;22.5;6.9;78.7;0.0
2024;11;12;20.4;6.5;85.5;0.0
2024;11;13;23.4;5.2;79.2;0.0
2024;11;14;21.6;4.2;83.8;0.0
2024;11;15;24;5.2;77.6;0.0
2024;11;16;23.6;5;80.0;0.0
2024;11;17;24.2;5.5;77.6;0.0
2024;11;18;22.8;5.2;78.9;0.0
2024;11;19;23.3;4.8;78.9;0.0
2024;11;20;23.6;6.4;78.3;0.0
2024;11;21;16;5.1;86.2;0.5
2024;11;22;21.4;8;86.1;0.0
2024;11;23;22.8;7.8;79.4;3.3
2024;11;24;21.2;8;80.9;3.4
2024;11;25;21.3;10.7;84.8;5.4
2024;11;26;20.8;8.9;85.2;1.4
2024;11;27;20.4;8;83.0;3.8
2024;11;28;21.5;10;84.4;5.0
2024;11;29;20.8;9.4;86.4;17.8
2024;11;30;21.7;10;79.4;5.0
2024;12;01;23;8.4;80.9;4.4
2024;12;02;22.2;8;83.0;15.0
2024;12;03;20.8;10.2;85.6;18.2
2024;12;04;19.3;11;88.1;3.2
2024;12;05;21.4;8.7;82.2;0.0
2024;12;06;22;7.2;76.2;0.0
2024;12;07;21.2;6.6;84.2;17.0
2024;12;08;20.8;8.5;84.1;14.5
2024;12;09;20.2;10.5;85.1;3.8
2024;12;10;21;9.4;84.2;2.4
2024;12;11;20;10.5;83.2;14.2
2024;12;12;20.8;9.3;81.0;11.4
2024;12;13;21.4;8.5;84.0;2.2
2024;12;14;20.5;8.5;85.4;0.0
2024;12;15;20.3;7.6;82.8;0.0
2024;12;16;23.5;7.6;76.5;0.0
2024;12;17;22;10.2;81.2;0.0
2024;12;18;23.6;9.4;77.1;0.0
2024;12;19;23.5;9;72.3;0.0
2024;12;20;22.2;9.6;82.3;1.4
2024;12;21;18.8;9.9;86.3;3.6
2024;12;22;20;9.2;82.4;2.0
2024;12;23;18.6;9;86.0;17.0
2024;12;24;19.6;8.7;86.8;0.8
2024;12;25;18.8;8.4;84.4;0.0
2024;12;26;20.6;9.8;84.7;23.5
2024;12;27;20.5;9.5;80.3;4.8
2024;12;28;17.4;10;83.9;11.2
2024;12;29;19.7;10.4;83.1;0.0
2024;12;30;20.2;8.2;84.1;17.4
2024;12;31;17;9;89.0;13.0
2025;01;01;18.6;9.3;87.9;14.5
2025;01;02;17.7;9.7;87.8;24.4
2025;01;03;16.4;9;87.7;18.8
2025;01;04;19.6;9;86.4;19.0
2025;01;05;21.2;9.5;83.5;7.4
2025;01;06;19.2;11;84.7;2.0
2025;01;07;18;10;86.8;0.5
2025;01;08;20.4;10.4;85.1;0.0
2025;01;09;19.6;10;83.7;0.0
2025;01;10;18.3;8;85.3;0.0
2025;01;11;16.8;9.8;90.7;3.8
2025;01;12;19.8;10.3;88.3;2.6
2025;01;13;19.5;11;89.1;10.3
2025;01;14;19.9;10;79.2;6.0
2025;01;15;19.2;8.4;80.4;0.0
2025;01;16;18.3;4.4;81.6;0.0
2025;01;17;20;9.4;80.8;0.0
2025;01;18;20.4;5;83.8;7.0
2025;01;19;22.2;6.2;85.4;0.0
2025;01;20;20.5;8.6;87.4;0.0
2025;01;21;19.4;9.7;87.9;0.8
2025;01;22;19.9;9;83.9;0.0
2025;01;23;20.2;9.3;87.8;7.6
2025;01;24;19.2;10;88.4;19.0
2025;01;25;22;7;80.5;6.4
2025;01;26;22;8;80.0;1.2
2025;01;27;20.2;10.3;82.9;4.8
2025;01;28;21.8;9.4;85.6;11.6
2025;01;29;19.5;9.3;85.2;3.0
2025;01;30;20;9;83.3;11.2
2025;01;31;21.2;9.2;82.4;19.4
2025;02;01;19.4;9;86.6;3.4
2025;02;02;16.9;10.2;92.7;6.0
2025;02;03;17;10.4;93.2;13.8
2025;02;04;17.8;10;88.3;12.7
2025;02;05;18.5;10.6;89.7;11.8
2025;02;06;17.5;8.4;93.5;13.3
2025;02;07;18.6;10;91.9;3.6
2025;02;08;20.4;9.7;88.8;13.2
2025;02;09;22;9;86.9;2.2
2025;02;10;17.2;10.2;92.2;3.4
2025;02;11;17;9.8;87.9;10.2
2025;02;12;16.8;9.9;93.0;15.4
2025;02;13;18.6;9.6;89.6;3.6
2025;02;14;19.8;10;86.7;8.0
2025;02;15;20.4;9.6;83.8;2.2
2025;02;16;16.8;10.5;91.5;17.1
2025;02;17;16.4;9.8;91.8;11.3
2025;02;18;18.8;8.2;87.7;18.0
2025;02;19;20.8;9;86.6;25.6
2025;02;20;19;10.6;91.8;19.4
2025;02;21;20.2;9.8;89.9;13.7
2025;02;22;17.7;10;91.6;9.0
2025;02;23;19.6;10.3;90.6;24.5
2025;02;24;20.4;9.6;85.9;17.0
2025;02;25;19.2;9;90.8;0.5
2025;02;26;20.3;9.2;89.5;14.0
2025;02;27;20.2;10;89.9;4.9
2025;02;28;19.4;9.8;88.0;10.4
2025;03;01;16.8;10;91.3;21.7
2025;03;02;19.3;10.2;89.4;19.2
2025;03;03;15.8;9.9;91.7;0.8
2025;03;04;16.8;10;92.1;19.7
2025;03;05;17;9.1;88.0;15.2
2025;03;06;18.5;8;83.9;0.0
2025;03;07;19.3;6;82.7;0.0
2025;03;08;21;7.7;83.3;0.0
2025;03;09;20;7;84.2;0.0
2025;03;10;20.2;8;81.7;1.2
2025;03;11;18.3;8.2;83.1;0.0
2025;03;12;20.2;8;86.7;15.8
2025;03;13;20.8;10;88.2;21.5
2025;03;14;18.8;9.9;87.8;9.2
2025;03;15;18.5;10;89.7;16.1
2025;03;16;17.6;8.8;93.8;13.6
2025;03;17;19.3;9.9;87.9;2.5
2025;03;18;19.4;10;90.1;10.6
2025;03;19;20.3;10.2;87.6;11.5
2025;03;20;20;9.8;84.5;14.6
2025;03;21;21;8.2;86.4;16.0
2025;03;22;21.8;8.8;86.3;0.0
2025;03;23;21;9;85.7;3.4
2025;03;24;21.1;10.4;86.8;3.2
2025;03;25;19.9;9;89.3;5.2
2025;03;26;19.3;8.8;91.7;8.8
2025;03;27;17.4;10;91.1;10.2
2025;03;28;19.6;10.6;90.7;5.5
2025;03;29;16.3;10.5;92.5;5.6
2025;03;30;18.8;11;89.5;27.2
2025;03;31;18.5;10.8;91.0;16.8
2025;04;01;19.8;10.6;89.1;0.0
2025;04;01;19.8;10.6;89.1;20.4
2025;04;02;18.6;9.6;90.5;13.4
2025;04;03;17.6;9.5;90.6;10.0
2025;04;04;20.8;9.2;88.1;23.6
2025;04;05;19;8.6;90.5;4.0
2025;04;06;19.4;9.4;88.1;0.0
2025;04;07;22;8;80.7;3.5
2025;04;08;19;7.8;86.7;2.6
2025;04;09;20.8;7.5;85.8;29.5
2025;04;10;18.8;8;89.2;10.1
2025;04;11;17.4;10.2;89.2;6.5
2025;04;12;20.5;8;82.4;15.6
2025;04;13;20.5;9.3;87.1;7.0
2025;04;14;21.7;8.8;85.5;1.0
2025;04;15;20.4;8.2;88.5;3.2
2025;04;16;20.6;8.5;85.6;12.0
2025;04;17;19.6;8;87.5;19.4
2025;04;18;20;9;85.5;1.8
2025;04;19;20.2;8.7;87.0;9.2
2025;04;20;18;9.8;86.3;1.0
2025;04;21;20.3;9.9;88.0;4.5
2025;04;22;18.8;9;85.0;0.0
2025;04;23;21.4;9.6;82.7;3.8
2025;04;24;20.4;7.3;86.1;0.0
2025;04;25;19.8;10.3;86.9;14.6
2025;04;26;20.5;10;80.8;0.0
2025;04;27;20.2;8;83.9;0.0
2025;04;28;19;7.7;83.6;5.6
2025;04;29;17.5;9.4;88.2;6.0
2025;04;30;19.5;9;87.6;20.0
2025;05;01;17;9.6;90.3;13.4
2025;05;02;18;8;89.0;3.2
2025;05;03;19.6;7.8;85.7;11.4
2025;05;04;19.3;9.8;86.2;1.2
2025;05;05;19.6;8;87.4;14.5
2025;05;06;18.8;9.8;89.6;3.2
2025;05;07;20.7;6.8;83.9;0.5
2025;05;08;22.6;7;80.8;0.0
2025;05;09;22.5;6.8;80.0;0.0
2025;05;10;21;6.6;78.8;0.0
2025;05;11;21.4;8.7;80.5;0.0
2025;05;12;21.8;7.3;79.1;0.0
2025;05;13;21;7.2;82.5;0.0
2025;05;14;23.2;7;76.2;0.0
2025;05;15;21.4;7.1;82.3;0.0
2025;05;16;19.5;7.3;86.8;0.0
2025;05;17;20;7;86.3;0.5
2025;05;18;21.2;6;82.7;0.0
2025;05;19;19.5;7.1;88.8;1.2
2025;05;20;18.6;7.4;88.3;0.0
2025;05;21;19.4;6.8;87.9;2.4
2025;05;22;21.2;7.6;80.6;0.0
2025;05;23;22;7;81.1;0.0
2025;05;24;22.2;6.8;85.0;0.0
2025;05;25;21.8;7.8;84.7;0.2
2025;05;26;21.5;7.2;84.4;0.0
2025;05;27;22.2;7.4;80.1;0.0
2025;05;28;23.4;7.3;81.5;32.0
2025;05;29;21.6;7;83.7;5.2
2025;05;30;19.2;9.1;87.8;1.4
2025;05;31;20;9.6;86.1;0.0
2025;06;01;21.4;9;86.3;1.2
2025;06;02;22.6;9.4;81.9;0.0
2025;06;03;23;5.4;82.2;0.0
2025;06;04;22.6;5.8;81.3;0.0
2025;06;05;23.5;5.8;75.7;0.0
2025;06;06;22.5;5.7;80.1;0.0
2025;06;07;20;10.4;85.8;0.0
2025;06;08;20.2;9;84.0;0.0
2025;06;09;23.6;7.4;80.6;0.0
2025;06;10;18.5;8.6;86.8;0.0
2025;06;11;18.6;8.2;86.8;0.0
2025;06;12;20.5;6;85.7;0.0
2025;06;13;21.2;5.8;86.2;0.0
2025;06;14;21;6.6;84.4;0.0
2025;06;15;20.4;8.6;84.3;0.0
2025;06;16;18.8;8.8;86.6;0.5
2025;06;17;20.6;9.6;87.7;2.8
2025;06;18;21.5;8;77.5;0.0
2025;06;19;22;7;76.3;0.0
2025;06;20;22.4;5.8;75.0;0.0
2025;06;21;23;5;77.9;0.0
2025;06;22;23.4;5.9;78.7;0.0
2025;06;23;22.8;5.8;78.6;0.0
2025;06;24;23;5.5;78.3;0.0
2025;06;25;21.2;6.1;77.7;0.0
2025;06;26;20.3;7;82.8;14.0
2025;06;27;20.5;8.6;78.5;4.2
2025;06;28;20.4;7;80.0;0.0
2025;06;29;22.2;6.2;68.7;0.0
2025;06;30;21;6.6;71.5;0.0
2025;07;01;20;6.5;78.2;0.0
2025;07;02;21.2;7;73.1;0.0
2025;07;03;21.8;5.6;72.7;0.0
2025;07;04;21;3.6;69.0;0.0
2025;07;05;21.5;3;65.8;0.0
2025;07;06;21.3;3.2;75.4;0.0
2025;07;07;22.2;3.8;65.6;0.0
2025;07;08;23;5;67.2;0.0
2025;07;09;22.8;4;66.9;0.0
2025;07;10;23.2;4.4;70.1;0.0
2025;07;11;23;4.6;69.4;0.0
2025;07;12;21;4.5;71.9;0.0
2025;07;13;21.8;5.5;70.3;0.0
2025;07;14;24;5.8;73.1;0.0
2025;07;15;24.5;5.2;60.3;0.0
2025;07;16;24.8;5.5;65.7;0.0
2025;07;17;24.8;5.8;67.4;0.0
2025;07;18;23.2;6.6;68.5;0.0
2025;07;19;19;7.7;72.9;0.0
2025;07;20;22;6;74.7;0.0
2025;07;21;23.4;4.7;66.6;0.0
2025;07;22;25.2;5.2;65.0;0.0
2025;07;23;23.2;5.6;72.3;0.0
2025;07;24;22;5;72.1;0.0
2025;07;25;22.2;7;70.3;0.0
2025;07;26;23;5.2;69.1;0.0
2025;07;27;20.5;6;73.7;0.0
2025;07;28;19.5;6.6;76.3;0.0
2025;07;29;21.6;5.8;76.7;0.0
2025;07;30;19.5;5.9;77.3;0.0
2025;07;31;19.5;6.2;76.5;0.2
2025;08;01;22;6;74.3;0.0
2025;08;02;23;5.2;69.1;0.0
2025;08;03;22.5;6.4;71.9;0.0
2025;08;04;21.9;6.3;71.6;0.0
2025;08;05;21.7;5.8;71.4;0.0
2025;08;06;21;9.3;73.5;0.0
2025;08;07;23.6;5.2;73.3;0.0
2025;08;08;21.5;4.7;74.5;0.0
2025;08;09;22;6.3;77.9;0.0
2025;08;10;21.4;7.5;82.4;0.3
2025;08;11;20.8;5.5;76.2;0.0
2025;08;12;21.7;5.8;76.2;0.0
2025;08;13;21.4;5;76.2;0.0
2025;08;14;20.3;5.5;80.5;0.0
2025;08;15;21.2;7.2;77.1;0.0
2025;08;16;22;6;78.6;0.0
2025;08;17;22.3;5.8;78.1;0.0
2025;08;18;21.8;6.7;78.6;0.0
2025;08;19;23.4;6.4;76.6;0.0
2025;08;20;24.9;6.1;69.1;0.0
2025;08;21;24;5.6;74.1;0.0
2025;08;22;21.4;5.9;70.4;0.0
2025;08;23;21.4;6.3;74.8;0.0
2025;08;24;23.2;6.8;69.3;0.0
2025;08;25;21.8;6.5;73.6;0.0
2025;08;26;23.5;6;71.2;0.0
2025;08;27;24.6;5.8;70.9;0.0
2025;08;28;24;7.2;73.0;0.0
2025;08;29;24.2;5.2;73.6;0.0
2025;08;30;23.7;5.1;54.0;0.0
2025;08;31;23.1;5.4;71.2;0.0
2025;09;01;25;5.8;66.0;2.2
2025;09;02;21.2;8.3;72.6;0.0
2025;09;03;23.8;6.3;64.9;0.0
2025;09;04;24.2;6;63.8;0.0
2025;09;05;23.8;5;65.5;0.0
2025;09;06;21.3;6.7;68.5;0.0
2025;09;07;21.5;5.5;77.6;0.0
2025;09;08;24;6;68.9;0.0
2025;09;09;21.8;7.2;77.5;0.0
2025;09;10;23.3;7.8;71.1;0.0
2025;09;11;23.4;8;68.9;0.0
2025;09;12;23;7;69.5;0.0
2025;09;13;23.5;7.2;70.6;0.0
2025;09;14;24.2;7;71.7;0.0
2025;09;15;23.8;7.3;71.4;0.0
2025;09;16;23;7.4;70.3;0.0
2025;09;17;22.6;6.9;71.6;0.0
2025;09;18;23.6;7.3;75.3;1.2
2025;09;19;22.5;6.4;78.1;0.8
2025;09;20;23.4;9;79.6;5.5
2025;09;21;24;6.6;76.0;0.0
2025;09;22;22.9;8.3;78.5;3.0
2025;09;23;22.6;7.5;78.9;0.0
2025;09;24;21.8;8.2;73.7;3.4
2025;09;25;22;10;80.4;0.0
2025;09;26;22.4;8.4;82.9;6.2
2025;09;27;23.2;6.6;75.5;0.0
2025;09;28;21.4;6.5;80.5;0.0
2025;09;29;21.6;10;76.9;7.6
2025;09;30;23;9.8;80.7;1.2
2025;10;01;21;9;80.6;4.2
2025;10;02;21.5;7.5;83.3;11.4
2025;10;03;18.8;10.4;85.1;13.0
2025;10;04;22;7.8;81.5;14.7
2025;10;05;21.5;7;81.5;4.5
2025;10;06;24.3;7.2;73.5;0.0
2025;10;07;22;9.2;79.2;0.0
2025;10;08;22.4;9;78.0;1.2
2025;10;09;21.4;8.2;78.7;4.5
2025;10;10;19.9;8;86.2;11.4
2025;10;11;20.8;8.6;81.0;7.8
2025;10;12;20;9.8;81.8;2.0
2025;10;13;20.7;8.7;77.8;0.0
2025;10;14;22.6;7.2;75.7;1.0
2025;10;15;23;5.4;77.7;0.0
2025;10;16;22.7;8;75.6;2.4
2025;10;17;21.5;8.8;81.2;9.2
2025;10;18;21.6;7.8;78.3;0.0
2025;10;19;20.9;9.5;80.8;3.4
2025;10;20;20.6;9;82.7;12.7
2025;10;21;20;8.2;82.0;5.4
2025;10;22;18;9.2;86.9;3.6
2025;10;23;21;9;80.8;0.5
2025;10;24;22.5;9.2;75.5;3.8
2025;10;25;19.6;8.2;83.1;6.7
2025;10;26;20.4;8.6;81.5;1.7
2025;10;27;19.7;10.2;84.8;1.6
2025;10;28;19.8;8.4;82.7;0.0
2025;10;29;22.4;9.7;81.4;5.2